"LGA","cropDM_kg","grassDM_kg","browseDM_kg"
"Aba North",102568.3984375,274840.8125,50712.77734375
"Aba South",2268314.75,5787344.5,1420588.875
"Arochukwu",10748780,90905136,72581512
"Bende",34871164,131695896,113642544
"Ikwuano",12372532,92619936,25779708
"Isiala Ngwa North",12788319,89048480,23683914
"Isiala Ngwa South",15707799,69906704,28167624
"Isuikwuato",10580284,76407840,56103168
"Obi Ngwa",28547392,85504488,24641738
"Ohafia",30341166,135929824,75951184
"Osisioma Ngwa",18358134,31054352,16006842
"Ugwunagbo",1752047.625,34544632,12203919
"Ukwa East",5195997,58672716,41954340
"Ukwa West",10303358,67893016,40516740
"Umu Nneochi",35389736,105185480,38402868
"Umuahia North",9694770,42487408,36734576
"Umuahia South",5620923,32317264,15775976
"Demsa",289832960,101241624,716637.75
"Fufore",516224672,330926880,17091064
"Ganye",259549264,388145120,66531096
"Girie",329613632,56222884,735691.125
"Gombi",135672928,56282648,1466923.5
"Guyuk",75213376,23982674,95331.015625
"Hong",511634464,79144608,1972118.5
"Jada",317844480,165545856,14730100
"Lamurde",82369264,208723040,1322632.625
"Madagali",39259172,57562308,1639032.875
"Maiha",79233080,35452364,1105863.5
"Mayo-Belwa",412413696,75041880,2535161
"Michika",70378416,70356384,2913749
"Mubi North",81397016,69980688,5646630
"Mubi South",25402080,22132510,1241973.125
"Numan",48372340,132847352,331786.21875
"Shelleng",233739280,74515512,1293364
"Song",593335360,403332576,18542564
"Teungo",183714688,1638223232,442163392
"Yola North",7177877.5,9271793,254732.375
"Yola South",56909912,12142128,95842.703125
"Abak",11315484,32254524,29616098
"Eastern Obolo",56184.58984375,12418797,5013741
"Eket",4085908.25,41178236,18331738
"Esit Eket",8660936,19782224,7200771.5
"Essien Udim",16615897,82559256,31512504
"Etim Ekpo",3560833.25,49664968,39958148
"Etinan",2189769,36307644,26765312
"Ibeno",1100769.625,18134584,11477156
"Ibesikpo Asutan",10556543,36604000,25985878
"Ibiono Ibom",25841680,64036580,39933088
"Ika",2191672.75,45568064,12236925
"Ikono",27770424,64722244,30868682
"Ikot Abasi",8090911,105829104,30090146
"Ikot Ekpene",7160597.5,26529354,11486141
"Ini",26881418,123689736,71048560
"Itu",20711412,31933630,35486844
"Mbo",11018857,50937008,18824418
"Mkpat Enin",3154226.5,104391152,46929200
"Nsit Atai",2373432.5,14782334,27484818
"Nsit Ibom",3188964,15449050,23067484
"Nsit Ubium",3231096.5,39563960,36665292
"Obot Akara",11542403,80666560,23773820
"Okobo",23453166,49707268,23098636
"Onna",2242144.25,65252524,16305837
"Oron",5472199,13580959,2442678.5
"Oruk Anam",8799673,151121440,70096552
"Udung Uko",3154908.25,14702902,9311797
"Ukanafun",3048637,60125300,60709340
"Uruan",20479012,65926528,40332776
"Urue Offong",12024805,40241776,16881624
"Uyo",12397744,20426056,12482620
"Aguata",1149405.5,21272938,6618180
"Anambra East",15699092,60697660,5115825.5
"Anambra West",25657580,164593792,12513935
"Anaocha",1320259.875,9986933,3166372
"Awka North",23252884,77372264,15627252
"Awka South",5946001.5,25210660,5820937
"Ayamelum",47579180,82260144,5644367.5
"Dunukofia",1625555.625,8903163,1182711.625
"Ekwusigo",1352015,13814441,9351186
"Idemili North",821884.1875,11205476,2567715
"Idemili South",1120301.625,11941978,6853850
"Ihiala",6847015,41577984,9338095
"Njikoka",1411436.5,13492111,3030369.25
"Nnewi North",892279.375,5615227,1204711.25
"Nnewi South",5300232,25814544,8820913
"Ogbaru",7709380,52044460,48118160
"Onitsha North",106200.625,1111698,1061425.125
"Onitsha South",121279.2578125,2578373.75,1381037.25
"Orumba North",17508000,70388584,27642354
"Orumba South",15182779,43473816,14957636
"Oyi",3865655.75,18107896,1979092.625
"Alkaleri",612794560,1038784064,17755746
"Bauchi",711927680,203726960,2384391
"Bogoro",147319216,27502426,1076882.25
"Damban",110494344,11751276,95371.2734375
"Darazo",295970560,107909080,519711.0625
"Dass",93493120,71308624,1600930.625
"Gamawa",319359744,63989256,952139.125
"Ganjuwa",968112448,219954864,4773928
"Giade",98415944,8814959,86088.3125
"Itas/Gadau",193485040,20523002,102840.265625
"Jama'are",100356536,10547029,62081.66796875
"Katagum",271932320,28345384,198596.90625
"Kirfi",330363648,125924048,822939.125
"Misau",164363840,15040234,226674.453125
"Ningi",873796416,552768576,24832222
"Shira",139684352,12529672,87724.1640625
"Tafawa-Balewa",465436640,206003680,9047938
"Toro",1269579904,953227200,24759686
"Warji",113348256,12109122,92525.3828125
"Zaki",146458656,46954984,348954.125
"Brass",543533.25,356832128,92171432
"Ekeremor",15990748,318540800,519966048
"Kolokuma/Opokuma",3115125.25,32813914,96770480
"Nembe",472065.9375,215303056,16061825
"Ogbia",4135754.25,74819128,195063104
"Sagbama",13648463,66139192,252382976
"Southern Ijaw",17122214,487101696,427402080
"Yenagoa",10782719,80931768,140897744
"Ado",169603280,133391248,34576020
"Agatu",152904368,262694640,18911330
"Apa",126680704,191363776,15980142
"Bukuru",382048416,106638360,1559278.125
"Gboko",432822048,135787312,2265375
"Guma",356700736,406503744,9783307
"Gwer East",399926688,377277312,7057854.5
"Gwer West",153844816,228803408,3816210.25
"Katsina-Ala",468604320,245810960,4794797.5
"Konshisha",301431456,121804624,2829256
"Kwande",141206304,1222073984,164687728
"Logo",175139824,106234352,2722555.5
"Makurdi",119721544,104479512,1625386.25
"Obi",69201416,50786380,4767832.5
"Ogbadibo",24796714,138743152,51236456
"Ohimini",83409584,142622128,7480528
"Oju",166100576,138915328,19994468
"Okpokwu",64964608,175451056,23940950
"Otukpo",213712000,235221344,17864768
"Tarka",92940856,28175610,469578.59375
"Ukum",287717760,72674760,954814.8125
"Ushongo",243845504,97052512,1898425
"Vande Ikya",122309096,54347840,1523924.875
"Abadam",5097332.5,179884960,1145424.875
"Askira/Uba",253203728,73668504,907812.4375
"Bama",25853066,700145536,1779874.5
"Bayo",98447968,25641518,252341.765625
"Biu",294298240,176086352,1636356.375
"Chibok",134232464,98678528,1530682.25
"Damboa",172747504,1621684864,20704530
"Dikwa",9386564,226704112,397111.25
"Gubio",46356508,180828496,997626.9375
"Guzamala",14950183,212466720,944083
"Gwoza",29074086,617109568,5583867
"Hawul",167625312,165083088,1685245.375
"Jere",23062074,80836128,236405.65625
"Kaga",152172560,230538672,3151746.75
"Kala/Balge",2444417.75,173658528,288423.78125
"Konduga",99290664,1232225152,11337622
"Kukawa",3042084.75,207034800,1247500.375
"Kwaya Kusar",72781536,24455290,186015.15625
"Lake Chad",5211986,210711984,4694070.5
"Mafa",9424973,528048416,971021.5625
"Magumeri",180313616,400737952,1221300.625
"Maiduguri",3943514.5,3017025.25,75752.390625
"Marte",2684869,244798784,554126.5
"Mobbar",65919668,131381760,675363.3125
"Monguno",3145207.5,149354720,391462.21875
"Ngala",7880638,123550880,361580.3125
"Nganzai",15033713,303229664,689679.625
"Shani",151680256,47373224,887386.6875
"Abi",35933732,23481044,5651928.5
"Akamkpa",247993200,308556256,524893152
"Akpabuyo",99855312,68954296,53003984
"Bakassi",530852.625,21212970,3483629.75
"Bekwarra",42921004,33106210,4401790
"Biase",73569280,148931696,217811536
"Boki",27837326,70696592,731295040
"Calabar",4913909.5,11859012,11657032
"Calabar South",12956.603515625,4059499.25,1564990
"Etung",43155308,43871668,114993272
"Ikom",107844824,223181232,338143296
"Obanliku",3729573.25,294273600,135451040
"Obubra",176745152,103232672,68713344
"Obudu",11335882,56201200,67666800
"Odukpani",42716912,154750880,166557312
"Ogoja",124636984,148138224,35673696
"Yakurr",113524088,100244960,41627264
"Yala",226764352,237531968,12550548
"Aniocha North",46989664,111562736,20485772
"Aniocha South",47801568,290362016,60735060
"Bomadi",2464277,8312468,32674172
"Burutu",24671850,164081216,345747712
"Ethiope East",23020210,112818808,39883240
"Ethiope West",22798528,159845168,61076948
"Ika North-East",90159200,69828928,10456884
"Ika South",119142056,63433576,10651627
"Isoko North",28592346,141980528,58719336
"Isoko South",36400284,181042432,106264248
"Ndokwa East",62536036,326172128,323419840
"Ndokwa West",79138672,257307968,66116728
"Okpe",6333418.5,124492016,83406728
"Oshimili North",38033144,89681920,21854778
"Oshimili South",6127556.5,49516308,35903344
"Patani",3374176.25,44492676,49104920
"Sapele",5490655.5,67396104,55388976
"Udu",2906802,26068730,13737196
"Ughelli North",65324964,247749920,78627376
"Ughelli South",25391842,217860976,147164912
"Ukwuani",55028768,92171368,29871710
"Uvwie",1341176.125,15773650,7199027
"Warri North",10851935,265783184,193915888
"Warri South",307396.71875,52922632,6563618.5
"Warri South-West",1639795.125,219883792,38523988
"Abakaliki",103276072,34351692,1946808.5
"Afikpo North",31632230,25935710,3121143.25
"Afikpo South",45665492,57596864,33139178
"Ebonyi",98065584,29179256,1297361.25
"Ezza North",45171392,17834294,530144.5
"Ezza South",50489204,23882414,2515519.5
"Ikwo",100830096,37995680,2760962.5
"Ishielu",159813712,121526728,15397227
"Ivo",45913060,51560368,8320386.5
"Izzi",204900528,77712592,3590434.5
"Ohaozara",31934644,54531292,4817275
"Ohaukwu",119106208,37806404,2224927.75
"Onicha",51141376,66277124,6660693
"Akoko-Edo",122099040,320768640,132001496
"Egor",8236694,16715891,2646953
"Esan Central",16191895,52086312,24069776
"Esan North-East",25056198,71674768,14236230
"Esan South-East",105584064,308744160,87700992
"Esan West",25942694,102554952,62208384
"Etsako Central",52896724,114539416,15632410
"Etsako East",96507776,312252768,82762544
"Etsako West",103065888,202770944,40554432
"Igueben",32681406,87765088,48827312
"Ikpoba-Okha",74464032,85057016,55779640
"Oredo",24253076,53997028,12746299
"Orhionmwon",304038048,567719424,88641128
"Ovia North-East",170750768,432408832,294757440
"Ovia South-West",139494048,376067776,416622912
"Owan East",122529552,260640368,84227280
"Owan West",106181624,122670976,42678600
"Uhunmwonde",182595808,539810816,202608896
"Ado-Ekiti",21054212,86989904,42341064
"Efon",790081.125,70851216,37484572
"Ekiti East",4147953.5,48917140,44881584
"Ekiti South-West",1648865.875,54813752,93235576
"Ekiti West",863224.5,70811680,74897016
"Emure/Ise/Orun",26663454,55744544,60110568
"Gboyin",16574703,94041544,104427936
"Ido-Osi",5502412,111993752,37600340
"Ijero",1756338.5,72455768,100012104
"Ikere",7756588.5,57225188,38935748
"Ikole",45143440,379727040,139490720
"Ilejemeje",2161671.5,52612944,9166671
"Irepodun/Ifelodun",13713354,151953824,59904276
"Ise/Orun",15241030,44979712,96184408
"Moba",2401490.75,47474104,14864394
"Oye",10041188,207915856,66850128
"Aninri",57369564,35920004,1908172
"Awgu",23133026,105802232,42438132
"Enugu East",43487836,67121072,18635302
"Enugu North",12535201,15613996,2544234.75
"Enugu South",3974409,9335839,1827934.125
"Ezeagu",38522520,146026704,28605000
"Igbo-Etiti",13973405,78231392,36397704
"Igbo-eze North",650668.0625,98448480,42915592
"Igbo-eze South",992999.25,57719332,17674120
"Isi-Uzo",88006920,187691312,48971352
"Nkanu East",118739824,150207136,32878992
"Nkanu West",23150164,57446804,17712510
"Nsukka",9464379,152806528,30445360
"Oji-River",20237432,95527816,32425336
"Udenu",9074315,69923760,22078696
"Udi",43888944,138960144,42549720
"Uzo-Uwani",41805716,197443168,44652480
"Abaji",137059344,112735728,17381476
"Abuja",215195200,143871872,10223087
"Bwari",79719136,161753440,8452108
"Gwagwalada",195284688,70546992,1355542.875
"Kuje",93463208,425685408,105272664
"Kwali",158707504,196843200,24947896
"Akko",430763808,49783068,268690.09375
"Balanga",207135184,178446080,2706349.75
"Billiri",158809664,18730920,87274.921875
"Dukku",461990880,134643712,780437.625
"Funakaye",163199760,49319052,263928.875
"Gombe",2072465.75,326744.21875,1578.36303710938
"Kaltungo",114926952,90763608,1467550.625
"Kwami",188694848,99504208,589691.5
"Nafada",203376400,64845512,651155.125
"Shomgom",119117592,57278384,2252688.75
"Yamaltu/Deba",294050464,59377876,2342872.25
"Aboh-Mbaise",12205054,35157540,17177972
"Ahiazu-Mbaise",3405847,14333533,9947053
"Ehime-Mbano",2610197.25,24884296,29118202
"Ezinihitte Mbaise",6044935.5,17116932,10163151
"Ideato North",5964676,32553386,26625192
"Ideato South",3613303.5,15526825,13889392
"Ihitte/Uboma",2540221,13336785,12582807
"Ikeduru",11020644,30529744,27638474
"Isiala Mbano",7333334,34452724,29761732
"Isu",110611.4375,5713483.5,4004807
"Mbatoli",9094892,33204026,16942720
"Ngor-Okpala",55761140,171139888,55093668
"Njaba",621376,13494324,7884419.5
"Nkwerre",428797.71875,6409522.5,4364327.5
"Nwangele",748228.125,9265328,7128523.5
"Obowo",2530793.75,13956741,9625395
"Oguta",21592056,122923744,72605056
"Ohaji/Egbema",70336296,300405120,163924480
"Okigwe",10776640,56963792,52118432
"Orlu",3405259.5,18160210,11268904
"Orsu",4869910,22140400,11175653
"Oru East",2832731.25,26123562,10617177
"Oru West",2268061.75,14761359,3737115.5
"Owerri Municipal",246481.78125,1257327.375,53254.39453125
"Owerri North",23736076,39389484,11242500
"Owerri West",28727928,78899336,15989263
"Unuimo",3613487.25,19384422,18597916
"Auyo",70858272,19387086,77126.4765625
"Babura",114102224,24689236,246563
"Biriniwa",152405440,21929846,130392.6328125
"Birnin Kudu",212175792,20232160,153106.734375
"Buji",71289496,7628325,64568.74609375
"Dutse",131909080,20864320,191833.75
"Gagarawa",76740640,9193616,71686.6640625
"Garki",143953936,22101734,154862.65625
"Gumel",25996612,3650627,34676.859375
"Guri",37914620,129344024,1425647.25
"Gwaram",289406912,70883768,1225139.25
"Gwiwa",55134080,16164843,277003.3125
"Hadejia",4929080,2780730,15666.83203125
"Jahun",152778512,24105940,171019.671875
"Kafin Hausa",149721552,16689715,122936.3515625
"Kaugama",99837816,18736172,103074.2578125
"Kazaure",37063500,12139464,196145.875
"Kiri Kasama",66969968,62703004,540107.5
"Kiyawa",150575744,18966234,148561.328125
"Maigatari",104268864,11889945,100859.9375
"Malam Maduri",94858760,9847869,50596.7421875
"Miga",92498424,21705316,79397.53125
"Ringim",132781256,31198634,243008.265625
"Roni",23173932,5591153,56432.70703125
"Sule Tankarkar",151437728,21449166,237995.0625
"Taura",106422984,29746502,121099.6015625
"Yankwashi",42238252,12539272,163476.578125
"Birnin Gwari",611609536,1500919424,91758080
"Chikun",399734464,1312163584,68410192
"Giwa",428420064,89780656,675935.8125
"Igabi",643509056,238934560,2368723.25
"Ikara",186492160,20079428,153755.453125
"Jaba",68214592,59650328,6706999.5
"Jema'a",390099232,240770480,14621197
"Kachia",443866592,1328263424,82988800
"Kaduna North",7196466.5,1259748,27721.263671875
"Kaduna South",2267140.5,903563.5625,13457.1865234375
"Kagarko",358867488,401162976,33531492
"Kajuru",319087360,412585088,5925869.5
"Kaura",91439320,126572936,5269608.5
"Kauru",570959360,297891488,19948904
"Kubau",546919680,122119704,1841387.25
"Kudan",82672360,10950611,59931.13671875
"Lere",528008128,154635440,3165142.25
"Makarfi",106781944,11589606,67480.765625
"Sabon Gari",42300672,7061737,183440.15625
"Sanga",261372208,262088176,7049099.5
"Soba",467747008,65811852,483421.875
"Zangon Kataf",500223616,545947648,8304306
"Zaria",59685620,7523920.5,44316.15625
"Ajingi",119101568,18154770,185965.46875
"Albasu",73169752,8396402,122772.9140625
"Bagwai",76336824,6272563,74446.28125
"Bebeji",134505296,15747234,162614.421875
"Bichi",102522816,11825157,117328.40625
"Bunkure",114917944,18557682,152406.953125
"Dala",1205179.625,206689.0625,1050.49035644531
"Dambatta",103780848,20164686,186424.34375
"Dawakin Kudu",82099464,11358252,107987.484375
"Dawakin Tofa",85112704,10259713,106284.421875
"Doguwa",250051552,138023360,9304499
"Fagge",44912.34765625,35110.62890625,722.059936523438
"Gabasawa",97336128,13185734,93310.1875
"Garko",80042088,9913628,134934.921875
"Garum Mallam",56690932,11064575,78972.109375
"Gaya",97594968,10750864,141179.3125
"Gezawa",71060176,6542359,63892.546875
"Gwale",609366.0625,100365.6171875,3123.30224609375
"Gwarzo",70630008,6658461.5,56727.40234375
"Kabo",53909004,6616369.5,94963.515625
"Kano",1265822.25,182721.140625,921.71875
"Karaye",65949524,7102524,77596.5859375
"Kibiya",64036804,8697046,92698.7265625
"Kiru",145474288,24744612,246505.5625
"Kumbotso",21510680,2570624.5,27331.22265625
"Kunchi",73896912,16410486,204712.328125
"Kura",48137432,26644520,77352.25
"Madobi",52523000,7294541,89204.0625
"Makoda",53708440,8994299,81728.953125
"Minjibir",90015472,10196853,93000.171875
"Nasarawa",49429.4765625,52142.1171875,627.680725097656
"Rano",65856584,7029246,81904.78125
"Rimin Gado",38440516,4247507,59449.078125
"Rogo",154747312,13731661,75509.5
"Shanono",105565760,9382267,94199.015625
"Sumaila",233113328,29585822,787318.6875
"Takai",137930528,13301278,153947.03125
"Tarauni",290737.625,302788.53125,9448.783203125
"Tofa",42314696,4232070,52087.125
"Tsanyawa",61644432,5485047,65961.6171875
"Tudun Wada",171499696,79114136,4281998.5
"Ungogo",20706292,2497571.75,25962.126953125
"Warawa",67721784,7856183.5,99752.0703125
"Wudil",70008208,8496227,114456.25
"Bakori",149565664,14940327,96379.4375
"Batagarawa",551301.0625,11407347,66043.2578125
"Batsari",134215448,34489684,557075.75
"Baure",87248264,14350263,211634.765625
"Bindawa",51807312,7934610,81609.390625
"Charanchi",59393412,5731758.5,48967.46484375
"Dandume",115321392,14057965,60638.70703125
"Danja",94419312,12126597,58014.98828125
"Danmusa",108020632,39189256,629723.9375
"Daura",33971232,8225101,73516.390625
"Dutsi",33908284,4769313,42316.96875
"Dutsinma",89001536,10174320,75298.3203125
"Faskari",239557648,151930960,4907807
"Funtua",126004032,15204590,76331.015625
"Ingawa",75374424,31400072,340679.5625
"Jibia",87450472,42051068,212907.265625
"Kafur",211939568,20116046,126777.0546875
"Kaita",102925816,21724762,244753.6875
"Kankara",220512864,69435800,1016505.5625
"Kankia",107399200,14033571,117746.0625
"Katsina",98352.140625,2694118.5,20220.4765625
"Kurfi",70254832,8603650,92096.359375
"Kusada",50498780,8520330,106421.328125
"Mai'Adua",59971004,8455232,79652.3828125
"Malumfashi",126324480,11604304,94522.2734375
"Mani",81168008,14822450,144806.921875
"Mashi",94237536,14518241,149739.828125
"Matazu",83404832,9480257,76621.375
"Musawa",141995616,12651885,114528.8671875
"Rimi",53887824,6761334.5,60007.25
"Sabuwa",148229472,45594908,276258.875
"Safana",144084816,89799760,2140508.75
"Sandamu",24059148,6853590.5,84505.6875
"Zango",65724940,15374280,185609.171875
"Aleiro",27847060,13431056,78397.7265625
"Arewa Dandi",256065328,131878224,1615654.5
"Argungu",95987120,20472040,144155.734375
"Augie",118205408,44015820,496568.1875
"Bagudo",553657792,311166368,13504699
"Birnin Kebbi",89163816,29186964,272682.8125
"Bunza",86171568,32496770,241077
"Dandi",223576288,103955792,693842.75
"Danko Wasagu",565297920,93219808,838571.8125
"Fakai",232282176,125757248,1627743.375
"Gwandu",62592176,19333920,115683.9296875
"Jega",53342432,66995480,292238.3125
"Kalgo",53127848,14930253,67923.0703125
"Koko/Besse",182165120,33905988,212954.40625
"Maiyama",124286440,85811344,286882.15625
"Ngaski",350524128,68894192,929772.75
"Sakaba",226465824,38560720,711371.4375
"Shanga",228069936,81379744,1164338.375
"Suru",152039904,69378880,356466.0625
"Yauri",136011952,31545598,253936.671875
"Zuru",80013800,13904689,149970.984375
"Adavi",90833920,109900024,14230061
"Ajaokuta",139111696,234731168,41097884
"Ankpa",61671364,352679392,89168784
"Bassa",147386672,323571104,140775904
"Dekina",48542796,665341632,267571632
"Ibaji",75960856,305455168,19466644
"Idah",5173781.5,2040986,81673.859375
"Igalamela-Odolu",86312144,551163264,123796792
"Ijumu",52024416,308499968,84156600
"Kabba/Bunu",144157920,740287936,179818000
"Kogi",84535856,235229792,74735680
"Lokoja",292085984,636288128,98511128
"Mopa-Muro",49511224,280106336,59841960
"Ofu",88350368,463628768,155917920
"Ogori/Magongo",7190101.5,13326855,4776291.5
"Okehi",85510584,198022368,23038542
"Okene",38900884,74493616,11703339
"Olamaboro",28534348,322297376,111925456
"Omala",24491676,495263488,172763008
"Yagba East",94992176,440608288,107467536
"Yagba West",90295432,342343616,49084656
"Asa",224861632,196655104,11719465
"Baruten",1479784704,1920481280,44793640
"Edu",398441344,168956320,8234916.5
"Ekiti",37366228,227561568,28708040
"Ifelodun",472419456,738585536,66688904
"Ilorin East",79275528,42330124,1576599.375
"Ilorin South",25715996,26761694,1058624.625
"Ilorin West",5472417,1619442.5,11965.44140625
"Irepodun",38955504,274459296,45233264
"Isin",240968.859375,270106912,48282244
"Kaiama",715438784,1280505728,43794360
"Moro",441829984,446898752,16236307
"Offa",9094441,18692474,1793349.625
"Oke-Ero",29176324,158307504,16659970
"Oyun",40975956,143967184,21785172
"Pategi",408409920,330669536,62097060
"Agege",6.81427717208862,13363.0625,42.076530456543
"Ajeromi/Ifelodun",4563.017578125,22602.07421875,57.7724838256836
"Alimosho",684896.6875,6768190,1779367.5
"Amuwo Odofin",682339.5,10092410,1349862
"Apapa",10003.419921875,392536.78125,10456.359375
"Badagry",9072641,35883844,17688606
"Epe",29776312,146163616,114415328
"Eti-Osa",522797.5625,9903138,1647797.25
"Ibeju-Lekki",14069938,68134096,39798832
"Ifako/Ijaye",25212.716796875,264520.90625,41941.546875
"Ikeja",212256.53125,752922.9375,139152.734375
"Ikorodu",13271276,50785936,17063540
"Kosofe",525939.8125,8979486,292686.53125
"Lagos Island",114157.5390625,2915538.75,280150.40625
"Mainland",9257.0859375,45929.8046875,1081.63146972656
"Mushin",6385.17138671875,63004.41796875,75.4494781494141
"Ojo",897504.3125,15547259,5600518
"Oshodi/Isolo",235964.59375,1374221.25,200938.359375
"Shomolu",3396.2529296875,34445.52734375,114.506660461426
"Surulere",4639.95263671875,6908.0615234375,16.2281379699707
"Akwanga",164477088,95535304,2233738.25
"Awe",358093184,356041408,7286946.5
"Doma",418106720,163849728,9442717
"Karu",470333792,344162656,21934498
"Keana",151118880,129906800,2488536.75
"Keffi",30806466,6805687,61972.2734375
"Kokona",274854048,279516352,17040818
"Lafia",516985632,280929216,23241798
"Nasarawa",906620096,743044160,63108732
"Nasarawa Eggon",197474096,187814608,22149780
"Obi",213418032,63932948,632981.9375
"Toto",212120352,440443904,129416392
"Wamba",111592984,416788128,27854342
"Agaie",336598816,71966008,3583099.5
"Agwara",227825712,88743168,1720206.25
"Bida",5311533.5,1142133.25,17954.310546875
"Borgu",1084551552,1494311552,55847836
"Bosso",392558624,70391648,574343.75
"Chanchaga",10626211,1043827.6875,4353.35302734375
"Edati",106867168,55987300,4855073.5
"Gbako",395844416,64353920,1367981
"Gurara",270422464,102631288,2419585.5
"Katcha",376042080,60330916,1282151.75
"Kontagora",331791936,83909344,1223075.5
"Lapai",448433920,297337856,40408508
"Lavun",651533312,310869792,26054788
"Magama",692993024,122555592,1673282.125
"Mariga",818987264,240687456,4184482.75
"Mashegu",1442760320,672375232,108752584
"Mokwa",441808032,319974368,18293614
"Muya",412051584,286689632,11069379
"Paikoro",568454144,131751600,1194525.375
"Rafi",637431552,264706864,12494775
"Rijau",551951040,109183856,1106686.125
"Shiroro",721905728,842103232,60238832
"Suleja",20164410,7343362.5,721158.9375
"Tafa",24735558,4908072,82680.984375
"Wushishi",497981696,84003464,1504576.75
"Abeokuta North",77486960,195252624,11782112
"Abeokuta South",1400910.875,2082789.875,97196.8515625
"Ado Odo/Ota",53181440,210009584,31789064
"Ewekoro",67095500,177310240,15541987
"Ifo",36780140,87795496,19830924
"Ijebu-Ode",12246964,50675560,12693677
"Ijebu East",26428754,381690656,372278208
"Ijebu North",16555173,217742656,171916528
"Ijebu North-East",2220058.75,46308468,17642674
"Ikenne",7373602,38596976,12950040
"Imeko-Afon",177456352,212747504,9268922
"Ipokia",24616348,77807816,12690759
"Obafemi-Owode",56891168,423148160,150373744
"Odeda",99308920,374917824,69407280
"Odogbolu",30795430,162916768,79931488
"Ogun Waterside",26388170,226882208,153907360
"Remo-North",2361805.25,33830464,33739120
"Shagamu",21406014,145479952,80547888
"Yewa North",239723104,439083040,32636012
"Yewa South",53137132,178075168,32563062
"Akoko North-East",36401424,102480936,56457508
"Akoko North-West",18881270,162011296,94673184
"Akoko South-East",17070776,61958496,25834032
"Akoko South-West",50291620,95595856,72810656
"Akure North",79635008,172762688,95703040
"Akure South",30130714,49082556,55848648
"Ese-Odo",13302306,65674804,188579072
"Idanre",109802384,390069184,348534688
"Ifedore",4867615,44062596,71335120
"Ilaje",30598070,194215536,289370592
"Ile-Oluji/Okeigbo",1067012.375,29050952,124556352
"Irele",25825178,216211104,175164288
"Odigbo",23252090,269885344,421008192
"Okitipupa",17464628,171899888,183190352
"Ondo East",616769.625,42733028,127987360
"Ondo West",2317053.75,78354272,268421376
"Ose",216173744,243088752,161160640
"Owo",178499552,228440208,81900000
"Aiyedade",5054568,157518624,296825088
"Atakumosa East",2400147.5,59625516,202756064
"Atakumosa West",1714049.25,65524720,203927328
"Ayedire",6621643,75844768,46334132
"Boluwaduro",1032016.8125,54240688,22064128
"Boripe",3028502.25,30329826,31989462
"Ede North",7711025,18410790,3552127.75
"Ede South",2016775.5,48117140,60381076
"Egbedore",9352903,81350792,22893444
"Ejigbo",12389735,97858568,37676204
"Ife Central",364232.59375,15020951,16499518
"Ife East",38084.1875,9046334,42254096
"Ife North",2953951,85830568,248591232
"Ife South",183355.75,56208632,271946304
"Ifedayo",657561.375,29159764,27758098
"Ifelodun",3081493.5,26419528,22270672
"Ila",1884391.125,87320752,70281416
"Ilesha East",470866.125,12107763,19170068
"Ilesha West",518451.25,6516193,10234425
"Irepodun",1290286.25,11018926,5806992
"Irewole",2235946.75,59193140,69965936
"Isokan",474191.125,37396416,55519156
"Iwo",10809832,59569228,36438044
"Obokun",3150627.25,102668464,137313360
"Odo-Otin",2466823.5,75587640,42763464
"Ola Oluwa",17550058,62799864,30088468
"Olorunda",1760152.125,13664150,8646735
"Oriade",2890897.25,101847016,170137424
"Orolu",624174.375,15881277,13682426
"Osogbo",4096936,11292685,988211.875
"Afijio",88775376,92359208,37352192
"Akinyele",13954894,100534872,45449936
"Atiba",168209792,172596016,70162912
"Atisbo",281221824,442919648,79138224
"Egbeda",5930855.5,43082532,9608334
"Ibadan North",192020.28125,357437.40625,37974.55078125
"Ibadan North-East",31333.001953125,35739.75390625,423.165649414062
"Ibadan North-West",428641.46875,999814.8125,170432.953125
"Ibadan South-East",139293.390625,147768.953125,14456.115234375
"Ibadan South-West",425237.71875,580929.1875,19134.724609375
"Ibarapa Central",77799080,58856528,1049549.75
"Ibarapa East",139037216,92737744,4975020
"Ibarapa North",221515248,125988120,5153055
"Ido",113590760,221405472,51932104
"Irepo",105503192,110024352,30155778
"Iseyin",209487584,189836432,8258929.5
"Itesiwaju",221082544,245581296,12457447
"Iwajowa",344147840,413342496,31648444
"Kajola",63743028,136155984,19644268
"Lagelu",7011628.5,58913576,32088312
"Ogbomosho North",26696100,12038198,571357.0625
"Ogbomosho South",11194247,6944237.5,450243.5
"Ogo Oluwa",34372744,120152384,33546458
"Olorunsogo",135916928,150704128,33946800
"Oluyole",28654906,171673328,115740216
"Ona Ara",4377667.5,57372056,59872844
"Orelope",100677880,110721384,26485298
"Ori-Ire",344156224,299867616,12313629
"Oyo East",24351376,11844460,703134.8125
"Oyo West",76837480,29404256,849479
"Saki East",252118496,234053360,32448076
"Saki West",312141536,305607712,16569953
"Surulere",82875984,151138448,46769780
"Barkin Ladi",159780208,113722224,1624445.25
"Bassa",282383904,163719888,1800029.375
"Bokkos",240798064,376478816,26960080
"Jos East",114057032,233299472,9252358
"Jos North",64758796,35656092,1208788.5
"Jos South",81282192,27486918,108740.109375
"Kanam",391259424,452222496,5994446.5
"Kanke",177992688,278769632,7388712.5
"Langtang North",146724496,78685120,1601161.25
"Langtang South",178096608,72060512,785033.25
"Mangu",373161344,250824592,12430963
"Mikang",172133088,62983764,8684626
"Pankshin",169120000,410707424,30226658
"Qua'an Pan",450193792,269131904,19933800
"Riyom",138503712,157597888,4338476.5
"Shendam",497197952,93892752,1181330.875
"Wase",861246272,360903520,3600085.75
"Abua/Odual",7827659,50266204,150923280
"Ahoada East",18537108,55856436,53768320
"Ahoada West",7771726,50119148,87431256
"Akuku-Toru",77639.59375,130167208,29220642
"Andoni",826953.5625,21296480,12488789
"Asari-Toru",142939.828125,34913220,2481465.25
"Bonny",440036.59375,57008888,15044497
"Degema",703289,220672800,14953700
"Eleme",2436282.75,22357384,7381850.5
"Emuoha",51197540,185470832,102428232
"Etche",45644772,136774464,44476140
"Gokana",865296.0625,17586320,1934949.125
"Ikwerre",63407672,166374400,62655076
"Khana",6983535,120131832,18159828
"Obio/Akpor",5201682,30626382,5906369.5
"Ogba/Egbema/Ndoni",43739168,123651000,134597904
"Ogu/Bolo",25395.916015625,9344991,138158.625
"Okrika",515389.53125,4114364,459972.78125
"Omumma",12867705,70145440,34959332
"Opobo/Nkoro",1487599.125,15154143,5594655
"Oyigbo",8213222.5,71882688,28125984
"Port Harcourt",581305.25,27139546,3047428
"Tai",297156.25,19527716,2120780.75
"Binji",32121346,11600212,47774.0859375
"Bodinga",52346980,6120959,33627.4140625
"Dange-Shuni",82248328,54909172,603336.4375
"Gada",46056800,27779872,127150.4296875
"Goronyo",62086148,90652688,392064.65625
"Gudu",132461288,209172912,2140370.25
"Gwadabawa",61947636,44372604,163106.734375
"Illela",53285576,54602328,257567.578125
"Isa",105626816,207392432,2078485.125
"Kebbe",210936112,439434016,4979631.5
"Kware",88547320,18351412,70162.1953125
"Rabah",119857272,188373296,2537060.5
"Sabon Birni",199794656,104331064,2183447.25
"Shagari",93479368,84897560,770294.3125
"Silame",27673388,28241106,196420.890625
"Sokoto North",2402291.75,1011366.9375,19891.498046875
"Sokoto South",3875554.5,401992.0625,2500.83642578125
"Tambuwal",183312688,120727648,670185.25
"Tangaza",104541752,65478308,723673.375
"Tureta",91816592,90987656,538523.9375
"Wamako",48703288,11384693,45244.7578125
"Wurno",48035664,27146992,66381.7421875
"Yabo",50155556,28419022,167346.15625
"Ardo-Kola",403410880,158396640,36781672
"Bali",1163903232,1699969024,535051264
"Donga",461124704,629768896,101726048
"Gashaka",244983872,2297249024,971899520
"Gassol",1100545408,294983168,6750233.5
"Ibi",268716288,380460640,24758184
"Jalingo",25592442,11350090,710413.3125
"Karim Lamido",935084480,596630592,19738682
"Kurmi",150879328,2221572608,919772160
"Lau",194286288,144981792,2217677.5
"Sardauna",124939664,3058189312,314963552
"Takum",196559856,291529824,7343219.5
"Ussa",88968288,772472064,137564096
"Wukari",496243680,369805472,11950308
"Yorro",140022544,196439088,16884720
"Zing",150594192,43051564,2479606.75
"Bade",39637776,79062576,1026987.9375
"Borsari",207423456,149684096,499678.625
"Damaturu",256988640,26371366,114291.359375
"Fika",216509952,97588368,628813.25
"Fune",483574976,125059512,728476
"Geidam",215608912,156135184,1082500.25
"Gujba",369792000,99176312,1342804.25
"Gulani",304883520,63726280,577219.4375
"Jakusko",259553984,182717296,2730949
"Karasuwa",47496096,57490708,394790.53125
"Machina",73478160,38994688,261597.953125
"Nangere",111349792,10565735,55401.76171875
"Nguru",50162192,25047902,199652.765625
"Potiskum",45282236,8998781,78931.3359375
"Tarmuwa",411074624,65561540,434332.875
"Yunusari",65235648,143628176,1225493
"Yusufari",66079776,169330704,1205595.625
"Anka",135861120,331276736,15994976
"Bakura",265492752,92855384,1178307.375
"Birnin-Magaji/Kiyaw",133153384,53190712,1400027.125
"Bukkuyum",309245088,76703472,1173220.125
"Bungudu",246127008,29970616,214853.921875
"Gummi",239596416,289758080,4245719
"Gusau",366646816,194661168,8761287
"Kaura Namoda",92483256,9659186,44886.2578125
"Maradun",139377552,220965760,4065229
"Maru",980040320,792494912,35419800
"Shinkafi",90437544,54993896,645522.5
"Talata-Mafara",112120736,15578801,96713.921875
"Tsafe",310186560,49437680,503334.125
"Zurmi",249611456,185310448,1823331.625
