"LGA","grass","shrub","tree","crop"
"Aba North",2.25343387573957,0.977587606757879,1.83638390153646,0.881472136825323
"Aba South",12.9422396421432,8.11427682638168,14.710146188736,2.48572789132595
"Arochukwu",20.7429870963097,20.1372072100639,48.0025827884674,6.26645013689995
"Bende",20.7965970039368,21.1659923195839,48.4899789094925,4.57486137747765
"Ikwuano",21.7761054635048,17.7448600530624,47.988361120224,3.2460656017065
"Isiala Ngwa North",21.7198416590691,16.4194583892822,39.4965767860413,8.32862034440041
"Isiala Ngwa South",23.0272442102432,17.2526061534882,36.848783493042,9.99406352639198
"Isuikwuato",20.3706666827202,19.6844354271889,48.3658641576767,4.48719784617424
"Obi Ngwa",24.8648479580879,17.2867402434349,33.5790574550629,8.93032848834991
"Ohafia",23.1176629662514,20.5556496977806,44.2075192928314,6.19800090789795
"Osisioma Ngwa",21.4917883276939,15.1718780398369,34.2295378446579,4.69289347529411
"Ugwunagbo",25.8193016052246,20.60706615448,40.1306122541428,6.21644854545593
"Ukwa East",24.2362916469574,20.8277583122253,45.9865003824234,4.44488115608692
"Ukwa West",24.875383079052,20.0150385499001,40.2562439441681,7.16060027480125
"Umu Nneochi",26.6174614429474,18.8281044363976,34.9722564220428,11.4346869289875
"Umuahia North",18.219718337059,15.7259255647659,38.2668554782867,3.02746593952179
"Umuahia South",20.7348540425301,16.4807662367821,40.0392770767212,6.33962526917458
"Demsa",30.6505739688873,17.8551495075226,5.76895736157894,41.3003027439117
"Fufore",29.8239141702652,20.453505218029,9.61548015475273,38.8544499874115
"Ganye",32.9224795103073,20.2587679028511,16.9884651899338,26.9887983798981
"Girie",30.8237552642822,20.5381527543068,5.28479218482971,41.1137789487839
"Gombi",28.9074331521988,19.8248445987701,6.76098465919495,41.6464596986771
"Guyuk",25.8773684501648,15.1932179927826,5.04160374403,44.0670728683472
"Hong",28.5865426063538,21.8662515282631,5.64238727092743,40.3740614652634
"Jada",27.8560787439346,18.0078834295273,10.5917140841484,41.9259667396545
"Lamurde",30.7672917842865,15.7019540667534,8.90128612518311,41.1880165338516
"Madagali",32.1912556886673,17.4874037504196,9.90784913301468,36.4414066076279
"Maiha",29.9073904752731,20.593136548996,9.41302254796028,37.1249258518219
"Mayo-Belwa",28.9971947669983,18.636254966259,6.71505331993103,42.6190316677094
"Michika",28.8166880607605,18.4212863445282,10.3215597569942,35.1304888725281
"Mubi North",29.1778832674026,20.0108274817467,10.9768949449062,32.9703211784363
"Mubi South",28.4424722194672,19.6658998727798,11.1132703721523,35.7673346996307
"Numan",32.1092426776886,17.0747876167297,7.22572728991508,40.04145860672
"Shelleng",30.2524656057358,18.9323544502258,6.27012848854065,41.9532090425491
"Song",32.669985294342,20.5901578068733,8.39601531624794,36.8579924106598
"Teungo",38.7096673250198,23.8828539848328,29.0958225727081,7.80187472701073
"Yola North",28.2086193561554,13.6728718876839,7.51475468277931,34.219154715538
"Yola South",27.6729434728622,17.8282201290131,5.26662655174732,42.1866804361343
"Abak",25.0647693872452,17.9578691720963,34.6407771110535,5.43272756040096
"Eastern Obolo",27.0157277584076,14.8612141609192,54.7890186309814,0.29337452724576
"Eket",30.3016096353531,13.3198991417885,29.9265772104263,3.42569202184677
"Esit Eket",31.6247344017029,17.7982404828072,41.659739613533,2.38674581050873
"Essien Udim",28.3863008022308,20.1762229204178,34.6487164497375,5.59732876718044
"Etim Ekpo",27.5671809911728,21.7375487089157,39.6405279636383,4.0726576000452
"Etinan",31.3205778598785,18.2314902544022,35.9861701726913,7.14622735977173
"Ibeno",23.8723486661911,10.8142964541912,59.6815526485443,0.693633314222097
"Ibesikpo Asutan",30.1599770784378,18.3437451720238,33.8786065578461,5.87072782218456
"Ibiono Ibom",23.0277851223946,17.9684728384018,46.075102686882,4.82917241752148
"Ika",28.5267412662506,19.6591734886169,33.5265904664993,7.79924616217613
"Ikono",24.7623160481453,18.5402289032936,42.6857471466064,3.52369919419289
"Ikot Abasi",31.6068589687347,19.6809872984886,36.9992941617966,4.81588914990425
"Ikot Ekpene",24.8291552066803,15.7749608159065,29.6553552150726,4.25386838614941
"Ini",23.9156097173691,19.0043807029724,46.8260258436203,6.61690905690193
"Itu",21.3370501995087,15.1180937886238,43.0938810110092,6.59146010875702
"Mbo",29.3711066246033,17.6093623042107,45.8707928657532,1.584049500525
"Mkpat Enin",32.8929275274277,19.6731925010681,37.3363643884659,5.11894077062607
"Nsit Atai",30.0964117050171,18.892514705658,42.6958709955215,2.44189985096455
"Nsit Ibom",28.7479132413864,19.1834107041359,40.4163360595703,4.3972872197628
"Nsit Ubium",30.2470356225967,18.3605775237083,40.5669718980789,3.50110828876495
"Obot Akara",26.8216401338577,19.5252552628517,40.9668892621994,4.85167317092419
"Okobo",31.5498054027557,20.9484234452248,40.0552570819855,3.98858562111855
"Onna",38.9382541179657,17.5694018602371,30.8177798986435,4.97025959193707
"Oron",23.3579054474831,13.3381605148315,38.701930642128,3.59496213495731
"Oruk Anam",27.5617688894272,20.5459579825401,40.8788651227951,6.5177321434021
"Udung Uko",27.6046097278595,19.9504554271698,42.1744406223297,4.13299798965454
"Ukanafun",27.442193031311,21.9585657119751,39.8756116628647,4.92873080074787
"Uruan",30.4325550794601,17.3684701323509,37.3826533555984,6.85437545180321
"Urue Offong",31.2543392181396,20.0075909495354,40.1374906301498,3.50959934294224
"Uyo",18.1923240423203,10.4800119996071,18.1194350123405,5.35774864256382
"Aguata",14.9286150932312,7.25996717810631,23.9657610654831,0.960549432784319
"Anambra East",32.0149600505829,14.328733086586,14.7473469376564,20.3241512179375
"Anambra West",36.712920665741,15.7978028059006,23.5692024230957,19.866481423378
"Anaocha",11.29399985075,5.67974373698235,18.4997618198395,0.695854192599654
"Awka North",30.609267950058,15.2549594640732,23.5284507274628,23.2871249318123
"Awka South",21.1424425244331,12.8811657428741,18.3142200112343,10.179977864027
"Ayamelum",36.2953752279282,17.0553639531136,18.8719764351845,24.490250647068
"Dunukofia",22.747391462326,11.2425982952118,12.4275013804436,17.1137675642967
"Ekwusigo",25.9101986885071,10.7755690813065,25.8040547370911,5.66504336893559
"Idemili North",20.5688387155533,9.97288972139359,16.4083987474442,8.64489302039146
"Idemili South",20.4589322209358,8.20144340395927,19.4923251867294,4.98966500163078
"Ihiala",25.4536718130112,12.4906241893768,22.643968462944,6.9817379117012
"Njikoka",18.2607188820839,10.3337325155735,17.2830134630203,11.3923616707325
"Nnewi North",12.7235189080238,6.94610625505447,11.969730257988,4.06216271221638
"Nnewi South",20.3375339508057,11.2820439040661,24.7136801481247,3.74322906136513
"Ogbaru",29.4807940721512,12.1093079447746,47.139710187912,5.23377768695354
"Onitsha North",13.507467508316,5.36343455314636,11.3407574594021,2.09439508616924
"Onitsha South",39.4334703683853,10.4239352047443,25.9988993406296,4.30800430476665
"Orumba North",24.1272389888763,17.7297428250313,34.41461622715,8.88832658529282
"Orumba South",21.6018751263618,16.1050036549568,30.8651775121689,18.4343501925468
"Oyi",24.5847091078758,11.7163948714733,10.9494999051094,14.4168838858604
"Alkaleri",34.5952361822128,21.9700440764427,8.73018205165863,33.4584265947342
"Bauchi",31.8873882293701,20.6227540969849,6.86458125710487,36.5814447402954
"Bogoro",29.6702772378922,19.2995443940163,5.91733045876026,40.7623708248138
"Damban",31.2789082527161,18.2241156697273,4.33725528419018,42.7891135215759
"Darazo",31.472435593605,19.3329975008965,5.17918057739735,41.5165454149246
"Dass",31.2315434217453,22.500105202198,12.0471104979515,31.742063164711
"Gamawa",37.9304975271225,17.5573155283928,4.1373498737812,37.5856667757034
"Ganjuwa",32.7339977025986,21.4614972472191,6.43955618143082,37.8319591283798
"Giade",32.7773243188858,21.0174098610878,4.08428981900215,38.0238026380539
"Itas/Gadau",31.4354538917542,16.6051030158997,4.20892275869846,44.6392863988876
"Jama'are",28.7106454372406,18.8716202974319,5.12815527617931,42.8036898374557
"Katagum",30.6400120258331,18.7553182244301,4.67132888734341,40.8525556325912
"Kirfi",31.9020599126816,20.7961991429329,6.11031837761402,38.0506932735443
"Misau",32.7224880456924,19.7405874729156,4.16910499334335,39.0823245048523
"Ningi",31.1146885156631,21.745091676712,10.2408900856972,35.4591012001038
"Shira",31.9535702466965,19.5047095417976,4.37727607786655,39.7153079509735
"Tafawa-Balewa",31.7324846982956,22.3179176449776,9.96906235814095,33.1841498613358
"Toro",31.7892700433731,21.4941188693047,13.3340656757355,31.9455146789551
"Warji",30.8924496173859,20.3689336776733,4.41770628094673,40.5727088451385
"Zaki",39.0009045600891,15.5950754880905,3.94938588142395,38.6175155639648
"Brass",30.8789372444153,10.2614380419254,56.6627562046051,0.231297966092825
"Ekeremor",17.521995306015,8.84286612272263,72.2586810588837,0.223115063272417
"Kolokuma/Opokuma",17.2352775931358,8.77359807491302,67.1258151531219,0.876025576144457
"Nembe",30.2072167396545,9.68969091773033,58.8121056556702,0.17160726711154
"Ogbia",12.7461135387421,9.43854078650475,74.4369685649872,0.44788708910346
"Sagbama",13.811057806015,7.91317299008369,72.7634012699127,0.601132633164525
"Southern Ijaw",20.2955931425095,9.697125852108,68.1564688682556,0.306459725834429
"Yenagoa",16.9294014573097,8.66839438676834,64.1131699085236,1.05221122503281
"Ado",26.6802489757538,17.1244889497757,22.4159643054008,32.069006562233
"Agatu",27.4044364690781,20.0113132596016,26.1201798915863,24.7271195054054
"Apa",24.3284001946449,20.4019337892532,26.2417852878571,27.3133993148804
"Bukuru",32.1930140256882,14.135268330574,13.0723118782043,37.208080291748
"Gboko",31.8525791168213,15.8541023731232,14.3884181976318,33.647233247757
"Guma",32.8741908073425,18.9552620053291,17.7686423063278,28.5977125167847
"Gwer East",30.957442522049,19.3767324090004,20.1226741075516,28.2563716173172
"Gwer West",30.6082934141159,18.8017725944519,19.3946093320847,30.2671492099762
"Katsina-Ala",36.4245682954788,17.1766996383667,12.1035657823086,31.598374247551
"Konshisha",30.304542183876,16.0763815045357,16.1730885505676,35.0150316953659
"Kwande",40.7057046890259,20.8433046936989,27.2488504648209,9.95902568101883
"Logo",33.8878065347672,16.93474650383,11.5256614983082,34.5311164855957
"Makurdi",28.9318114519119,16.206419467926,16.1735355854034,25.5952626466751
"Obi",26.8501669168472,18.0678799748421,21.8440145254135,29.6941965818405
"Ogbadibo",16.4557099342346,14.1477510333061,42.1814978122711,23.2087686657906
"Ohimini",18.9542293548584,16.3918375968933,25.2359420061111,37.630507349968
"Oju",24.7229501605034,16.9812560081482,22.7457717061043,31.9030404090881
"Okpokwu",17.8582653403282,15.9722253680229,26.082706451416,37.5179827213287
"Otukpo",22.8503406047821,17.2508329153061,23.1806188821793,33.3715051412582
"Tarka",32.8604519367218,13.5586097836494,15.1436105370522,35.5231523513794
"Ukum",30.9372246265411,13.9306917786598,10.7887595891953,40.2420103549957
"Ushongo",32.8199028968811,15.997426211834,12.9349023103714,33.9031726121902
"Vande Ikya",33.2445293664932,15.7150015234947,12.822924554348,34.2475861310959
"Abadam",53.797310590744,10.9141454100609,2.46344450861216,29.2718023061752
"Askira/Uba",31.4209848642349,19.9171707034111,5.11121116578579,40.5845701694489
"Bama",41.2602722644806,17.5650298595428,4.50299084186554,35.6077045202255
"Bayo",31.1908304691315,17.8352743387222,5.33109977841377,41.8538630008698
"Biu",31.2074214220047,16.5439248085022,6.39858394861221,43.6458796262741
"Chibok",33.3929657936096,17.9386660456657,5.13370670378208,41.0284340381622
"Damboa",42.1187371015549,18.7079206109047,6.70027583837509,31.5550744533539
"Dikwa",41.1900550127029,13.9619395136833,2.23855078220367,41.5282905101776
"Gubio",51.1012494564056,13.259544968605,4.44188602268696,29.7393321990967
"Guzamala",53.3594131469727,11.7065154016018,2.95050200074911,30.0407230854034
"Gwoza",43.3713793754578,19.6961715817451,8.37476253509521,26.5924036502838
"Hawul",30.6812196969986,17.2608315944672,7.32787102460861,42.1499133110046
"Jere",37.2154176235199,14.3376991152763,4.02248539030552,39.9468421936035
"Kaga",39.4037812948227,17.5278812646866,5.23005202412605,36.5218430757523
"Kala/Balge",48.073211312294,13.3808746933937,0.871723238378763,36.4237368106842
"Konduga",41.8736636638641,17.6776021718979,5.56997954845428,32.3633581399918
"Kukawa",53.3239781856537,13.1101429462433,2.44117062538862,28.0182212591171
"Kwaya Kusar",30.239263176918,18.4659525752068,6.18886910378933,40.636134147644
"Lake Chad",63.3124113082886,7.86637216806412,4.39947880804539,21.6228976845741
"Mafa",41.6058987379074,15.1399537920952,3.32127213478088,38.8309061527252
"Magumeri",47.428822517395,16.9418200850487,4.610326141119,29.4006407260895
"Maiduguri",21.8075096607208,12.0778009295464,4.52722311019897,24.8063817620277
"Marte",36.2627059221268,11.9995422661304,1.6024973243475,48.2060581445694
"Mobbar",38.5190516710281,7.71947130560875,2.95181628316641,49.307444691658
"Monguno",40.6595259904861,12.1218748390675,1.30857862532139,43.5979455709457
"Ngala",43.24651658535,12.1290847659111,1.25411432236433,40.7267659902573
"Nganzai",49.6836006641388,15.550471842289,3.79669107496738,29.1963666677475
"Shani",30.4353952407837,19.4657951593399,6.43057525157928,40.0140523910522
"Abi",31.8566709756851,16.0276547074318,20.2106297016144,23.844850063324
"Akamkpa",9.05269086360931,9.16956216096878,80.2088618278503,0.941661279648542
"Akpabuyo",19.1282823681831,12.2475318610668,45.599702000618,17.8548097610474
"Bakassi",16.3487553596497,14.5013600587845,63.3403480052948,2.1237576380372
"Bekwarra",29.1468352079391,19.986554980278,26.1615753173828,16.4937600493431
"Biase",21.6383799910545,19.1920191049576,52.1839618682861,5.33225946128368
"Boki",5.36796450614929,7.66102001070976,85.8825743198395,0.186700210906565
"Calabar",14.5011946558952,7.48282298445702,26.7283499240875,2.78606731444597
"Calabar South",24.1708979010582,11.3312028348446,59.6607208251953,0.0298703846056014
"Etung",8.15034434199333,10.5302736163139,80.2666783332825,0.265141716226935
"Ikom",19.8231101036072,17.5691604614258,57.7319741249084,3.10872737318277
"Obanliku",27.6255428791046,18.6291247606277,47.7130174636841,2.3838497698307
"Obubra",25.0748544931412,20.3225135803223,35.6207430362701,16.4870649576187
"Obudu",23.5182300209999,19.4226458668709,48.3702480792999,4.15819510817528
"Odukpani",22.8261336684227,15.7020732760429,55.4912269115448,4.21936996281147
"Ogoja",31.804096698761,21.6092839837074,30.4812341928482,11.6431877017021
"Yakurr",25.4369407892227,23.0906933546066,32.7863931655884,16.2442848086357
"Yala",31.2815517187119,18.5098275542259,22.4507346749306,25.2582103013992
"Aniocha North",25.3416448831558,19.6033805608749,29.2142659425735,20.2260732650757
"Aniocha South",27.5340855121613,20.8786576986313,31.2930136919022,16.212996840477
"Bomadi",16.9334173202515,9.18527543544769,66.5386438369751,0.606890162453055
"Burutu",20.051334798336,10.4225628077984,67.7386283874512,0.319904717616737
"Ethiope East",34.0217709541321,18.4127330780029,33.1882685422897,6.01047575473785
"Ethiope West",31.2157303094864,16.2022143602371,38.8445854187012,7.08294808864594
"Ika North-East",26.412570476532,15.7610163092613,21.6736063361168,30.1566302776337
"Ika South",20.9694162011147,13.0988374352455,17.1877726912498,39.6650850772858
"Isoko North",33.125764131546,17.7315220236778,37.4852210283279,6.07484579086304
"Isoko South",32.3274195194244,17.2255858778954,41.918420791626,4.60107289254665
"Ndokwa East",26.8924921751022,13.9338031411171,51.5006422996521,3.42311002314091
"Ndokwa West",33.0486863851547,17.9326370358467,33.9423775672913,10.8137220144272
"Okpe",29.2130321264267,18.5799852013588,42.154997587204,4.29360754787922
"Oshimili North",27.306666970253,17.4460098147392,24.6483340859413,20.6190332770348
"Oshimili South",24.3195131421089,11.878077685833,36.5096867084503,6.53655976057053
"Patani",24.7884333133698,13.9466524124146,55.0567090511322,2.26568039506674
"Sapele",27.3997664451599,12.336453795433,51.0120093822479,3.06959953159094
"Udu",28.9010226726532,13.8954043388367,24.6673956513405,8.62605422735214
"Ughelli North",34.5817595720291,18.0185168981552,33.7506294250488,6.2367457896471
"Ughelli South",29.3850779533386,16.8022751808167,44.4843173027039,5.89091293513775
"Ukwuani",31.3476532697678,17.0757532119751,31.6266089677811,13.9959588646889
"Uvwie",20.5617308616638,9.51519757509232,19.9344858527184,4.75659407675266
"Warri North",30.2725404500961,9.71999764442444,58.4526121616364,0.346803711727262
"Warri South",44.4337964057922,10.9436601400375,34.900626540184,0.718694878742099
"Warri South-West",35.5269253253937,13.4531930088997,48.8871395587921,0.589307537302375
"Abakaliki",32.3311895132065,14.3982127308846,13.6482030153275,31.9604754447937
"Afikpo North",32.4087083339691,17.0082837343216,20.1599851250648,23.2961803674698
"Afikpo South",27.4708449840546,20.4948797821999,37.1834307909012,12.3826362192631
"Ebonyi",30.779442191124,13.8230085372925,13.070772588253,32.4754595756531
"Ezza North",33.0975383520126,14.7665098309517,10.7069976627827,37.667378783226
"Ezza South",31.7471116781235,15.1442155241966,14.4533097743988,32.7324211597443
"Ikwo",34.4335049390793,14.9756625294685,16.0117372870445,28.6205887794495
"Ishielu",29.2960196733475,17.3730880022049,21.6153115034103,29.2968839406967
"Ivo",32.0094257593155,18.3520212769508,22.8195413947105,21.1260184645653
"Izzi",32.9448789358139,15.234462916851,16.144286096096,32.2285115718842
"Ohaozara",31.9833070039749,14.9524509906769,18.2854875922203,28.676626086235
"Ohaukwu",31.2553405761719,14.9960771203041,14.2208307981491,31.0385823249817
"Onicha",32.749131321907,16.3480073213577,18.0025666952133,28.2469063997269
"Akoko-Edo",20.0794756412506,19.0711498260498,41.2013471126556,17.2168463468552
"Egor",18.2048410177231,14.363893866539,12.7412110567093,6.26021772623062
"Esan Central",18.3533474802971,18.8894003629684,43.856093287468,11.5752071142197
"Esan North-East",21.037320792675,19.3667247891426,34.8035275936127,14.9383723735809
"Esan South-East",24.1775423288345,21.9295039772987,35.6724053621292,15.8992826938629
"Esan West",19.2546039819717,20.7483485341072,44.6285396814346,9.5460444688797
"Etsako Central",26.9647896289825,18.9668953418732,33.7992072105408,17.8872600197792
"Etsako East",22.2104743123055,19.8351308703423,38.4023010730743,16.756235063076
"Etsako West",22.3597571253777,20.7594558596611,35.928612947464,15.8704578876495
"Igueben",21.6110825538635,20.8098009228706,44.9220895767212,9.1163694858551
"Ikpoba-Okha",22.2275584936142,16.698069870472,37.9702746868134,5.97294420003891
"Oredo",24.1275832056999,24.8767778277397,27.219033241272,7.35709071159363
"Orhionmwon",30.3279429674149,24.5220020413399,31.1014652252197,12.475061416626
"Ovia North-East",22.4101141095161,27.3324638605118,43.3284431695938,4.85998019576073
"Ovia South-West",18.4416890144348,26.4731824398041,50.6254494190216,3.52681428194046
"Owan East",20.2687814831734,20.9041252732277,41.9453829526901,15.3090387582779
"Owan West",25.7932186126709,24.0472540259361,36.3777726888657,11.569931358099
"Uhunmwonde",23.8575682044029,28.77556681633,35.3070110082626,8.33869576454163
"Ado-Ekiti",31.4615815877914,20.6695199012756,27.395886182785,4.01227995753288
"Efon",25.250232219696,22.6017490029335,47.7199167013168,1.26878833398223
"Ekiti East",24.214568734169,20.7121536135674,48.0469733476639,2.95700579881668
"Ekiti South-West",21.1100861430168,21.7920646071434,52.5431573390961,1.24935479834676
"Ekiti West",25.2124398946762,22.6813226938248,47.503399848938,1.19972471147776
"Emure/Ise/Orun",26.9918859004974,22.9366734623909,43.6178833246231,3.8368359208107
"Gboyin",23.4270989894867,21.7975839972496,50.7064521312714,1.44967874512076
"Ido-Osi",33.319166302681,23.7514138221741,33.1558495759964,2.60388907045126
"Ijero",23.7538874149323,20.3935697674751,51.790189743042,1.01340692490339
"Ikere",34.3851000070572,23.1543228030205,30.8855682611465,3.08711677789688
"Ikole",27.5203496217728,24.2075145244598,42.1754419803619,4.48057986795902
"Ilejemeje",36.9334369897842,24.1650626063347,30.0765037536621,5.25782071053982
"Irepodun/Ifelodun",30.3881466388702,23.9163488149643,34.5549911260605,2.73962393403053
"Ise/Orun",19.3754374980927,21.9740346074104,54.5409023761749,1.33970296010375
"Moba",30.1048219203949,21.214796602726,29.3025344610214,13.1278276443481
"Oye",32.0302665233612,24.7226297855377,37.4538779258728,2.92757619172335
"Aninri",32.7489346265793,15.4736652970314,17.5328403711319,28.8510322570801
"Awgu",24.6103465557098,16.191254556179,40.5266910791397,11.3645322620869
"Enugu East",24.6174439787865,18.4558600187302,31.0833215713501,17.9835855960846
"Enugu North",19.2250177264214,11.5196898579597,15.7918527722359,12.0924264192581
"Enugu South",22.3537817597389,12.6602172851562,15.6834632158279,12.9564568400383
"Ezeagu",28.5565167665482,18.2372868061066,35.0541412830353,12.8717333078384
"Igbo-Etiti",23.5821381211281,15.5529826879501,43.5662239789963,11.004788428545
"Igbo-eze North",20.5394580960274,14.4315719604492,53.943133354187,1.53616676107049
"Igbo-eze South",21.3755339384079,15.4952317476273,45.4676300287247,5.02041690051556
"Isi-Uzo",18.4073835611343,15.4879838228226,30.4828345775604,33.9571177959442
"Nkanu East",28.1943947076797,18.0499449372292,28.2364398241043,21.9082921743393
"Nkanu West",25.016525387764,16.6725054383278,31.5119653940201,16.3177117705345
"Nsukka",22.3406836390495,15.929688513279,36.7923200130463,11.775167286396
"Oji-River",24.7982442378998,17.3192277550697,41.0145729780197,10.2943830192089
"Udenu",19.0021798014641,14.1418918967247,42.2154188156128,11.9472831487656
"Udi",26.0489135980606,16.6488379240036,40.9507125616074,8.37318748235703
"Uzo-Uwani",28.6299288272858,20.9231078624725,38.0614072084427,10.5841748416424
"Abaji",32.1049094200134,20.6470847129822,16.7155787348747,28.3467501401901
"Abuja",26.9150197505951,14.5878404378891,12.5788792967796,24.0503296256065
"Bwari",27.8516829013824,18.9672887325287,18.9072087407112,20.8233535289764
"Gwagwalada",31.5252929925919,20.490588247776,12.7449378371239,31.9501370191574
"Kuje",29.481503367424,25.2020537853241,31.6933929920197,12.6131564378738
"Kwali",31.487762928009,21.7188626527786,19.0463349223137,25.3568053245544
"Akko",28.4414380788803,19.4384649395943,4.76244874298573,41.7297840118408
"Balanga",29.893571138382,18.1864574551582,7.62266144156456,41.09907746315
"Billiri",30.2655667066574,20.4850003123283,4.98353019356728,40.3890132904053
"Dukku",29.5550435781479,19.2222312092781,5.89080452919006,42.8093701601028
"Funakaye",33.4307730197906,18.2632729411125,5.00679425895214,39.0202581882477
"Gombe",31.4524948596954,20.1309517025948,5.6972473859787,39.2875373363495
"Kaltungo",30.6007295846939,19.652234017849,7.47583284974098,38.8208866119385
"Kwami",29.2957901954651,17.904868721962,5.54069019854069,41.8357878923416
"Nafada",33.8476210832596,17.605035007,5.26185408234596,40.4759675264359
"Shomgom",31.8051278591156,19.6191564202309,7.22809210419655,37.3794913291931
"Yamaltu/Deba",28.6000221967697,15.8624947071075,4.32293452322483,42.780539393425
"Aboh-Mbaise",19.0902084112167,15.3236106038094,39.7424072027206,1.71563979238272
"Ahiazu-Mbaise",11.494243144989,8.85960087180138,33.9916795492172,0.589005136862397
"Ehime-Mbano",16.0910069942474,14.0784204006195,48.1914043426514,0.526812160387635
"Ezinihitte Mbaise",19.784651696682,15.1265621185303,37.1997356414795,1.00287152454257
"Ideato North",19.6414023637772,14.2966210842133,42.145511507988,1.84892285615206
"Ideato South",19.8140114545822,17.1272709965706,45.3493654727936,2.23458129912615
"Ihitte/Uboma",17.0397013425827,14.0201255679131,45.5932199954987,0.856138486415148
"Ikeduru",16.7182564735413,14.2545104026794,44.946414232254,0.897170417010784
"Isiala Mbano",17.4260020256042,13.5764956474304,46.3847309350967,0.611170707270503
"Isu",18.752184510231,11.0184244811535,35.3838175535202,1.11258439719677
"Mbatoli",19.9124649167061,12.0858982205391,33.0497533082962,1.62043198943138
"Ngor-Okpala",24.7079238295555,19.5590704679489,44.6265906095505,3.73019389808178
"Njaba",20.4401582479477,11.2908862531185,33.6172997951508,1.58227384090424
"Nkwerre",19.6817725896835,12.5393509864807,34.4852417707443,1.02974073961377
"Nwangele",17.6895141601562,10.8820483088493,38.9505982398987,0.668500922620296
"Obowo",17.6576361060143,14.6242678165436,39.8798763751984,0.834228843450546
"Oguta",28.9194852113724,16.9126734137535,41.6951984167099,5.30401170253754
"Ohaji/Egbema",26.9424766302109,18.1693077087402,42.8957581520081,8.28515887260437
"Okigwe",21.1121246218681,18.4219017624855,50.04763007164,2.17214729636908
"Orlu",18.4576362371445,11.1682534217834,28.7089884281158,2.7531698346138
"Orsu",18.724051117897,11.1181445419788,30.3430557250977,1.68698169291019
"Oru East",19.1388010978699,11.3302618265152,31.1248958110809,2.01885364949703
"Oru West",18.3918207883835,10.1439595222473,22.0426142215729,4.66789193451405
"Owerri Municipal",9.27047953009605,2.53007747232914,3.32983359694481,2.80208513140678
"Owerri North",21.1542963981628,16.4882466197014,33.2414627075195,5.02291843295097
"Owerri West",28.5051703453064,17.5285935401917,27.6400208473206,6.21940530836582
"Unuimo",19.9053585529327,20.6177741289139,50.6683528423309,1.30866849794984
"Auyo",33.2853615283966,15.0542706251144,5.09998388588428,42.29416847229
"Babura",35.0726336240768,20.8256915211678,8.08884650468826,31.8434357643127
"Biriniwa",41.9001013040543,18.1515112519264,4.85259816050529,31.8247735500336
"Birnin Kudu",31.1800956726074,20.2994018793106,4.2428120970726,39.9842709302902
"Buji",30.0210952758789,18.1685730814934,4.42873872816563,44.4559901952744
"Dutse",26.2115716934204,17.8139492869377,5.72781451046467,43.6297804117203
"Gagarawa",39.3307656049728,19.4169998168945,5.26411347091198,31.3856482505798
"Garki",34.1604828834534,20.3256264328957,5.95940537750721,35.5601221323013
"Gumel",36.7494612932205,20.1148614287376,5.66598661243916,32.3329031467438
"Guri",38.8382017612457,16.3338035345078,6.38466998934746,35.9761118888855
"Gwaram",31.5795630216599,19.7762936353683,4.88541834056377,40.5239403247833
"Gwiwa",33.4612280130386,18.257449567318,6.07491321861744,38.2019251585007
"Hadejia",29.6402901411057,12.9328593611717,4.94431145489216,34.6810728311539
"Jahun",32.359716296196,19.0194934606552,6.05074465274811,38.9170914888382
"Kafin Hausa",35.3713750839233,16.4242997765541,3.66746224462986,40.6125754117966
"Kaugama",39.5541667938232,16.5432393550873,4.94239293038845,34.0459227561951
"Kazaure",33.561646938324,19.4055885076523,8.34389626979828,32.3194712400436
"Kiri Kasama",38.7020975351334,16.2332534790039,6.46482929587364,35.8041256666183
"Kiyawa",28.92065346241,17.3039108514786,5.34672364592552,44.3334221839905
"Maigatari",40.3344601392746,18.4254363179207,5.13536483049393,32.7065616846085
"Malam Maduri",40.7241702079773,16.2585258483887,4.13703396916389,34.4343841075897
"Miga",34.3853712081909,16.7681872844696,5.00761792063713,39.8178666830063
"Ringim",27.7778089046478,17.6861569285393,7.43255093693733,42.2001600265503
"Roni",36.0555708408356,18.7254101037979,6.12348318099976,34.4155013561249
"Sule Tankarkar",38.4950429201126,20.0646638870239,5.43390512466431,32.3697209358215
"Taura",33.8275641202927,18.1191548705101,5.46111389994621,38.8044267892838
"Yankwashi",36.1857086420059,19.3959966301918,7.62649551033974,32.0455074310303
"Birnin Gwari",33.4738612174988,20.6118553876877,15.5463621020317,28.876069188118
"Chikun",32.464873790741,21.2640523910522,18.9810305833817,24.0309298038483
"Giwa",25.0911027193069,18.6473056674004,6.99761286377907,44.8399841785431
"Igabi",28.9116829633713,18.0945202708244,9.032042324543,37.7736061811447
"Ikara",26.0903388261795,20.6533923745155,5.10717146098614,43.8395112752914
"Jaba",27.9535204172134,18.0425778031349,16.9236049056053,31.3981145620346
"Jema'a",26.6430139541626,18.4920653700829,19.9335768818855,32.6405823230743
"Kachia",29.4937789440155,22.3931282758713,25.2176880836487,20.2359199523926
"Kaduna North",12.9544049501419,6.69867247343063,3.13203111290932,15.3293535113335
"Kaduna South",7.11844861507416,3.41094471514225,1.70708261430264,6.82445839047432
"Kagarko",29.250892996788,19.7393923997879,20.4479306936264,28.4029275178909
"Kajuru",32.7021986246109,22.1162781119347,18.2871505618095,24.4322031736374
"Kaura",27.7181297540665,19.7662338614464,21.9508349895477,25.5672723054886
"Kauru",29.754039645195,21.0558727383614,15.9706473350525,30.9213191270828
"Kubau",26.0729789733887,19.5894584059715,7.80356526374817,43.1762039661407
"Kudan",21.6111049056053,19.3184971809387,5.58509156107903,46.6233372688293
"Lere",28.0671089887619,20.4809665679932,10.0400649011135,37.5153392553329
"Makarfi",22.5223302841187,18.9914777874947,5.09747713804245,47.7188974618912
"Sabon Gari",17.6592916250229,14.3457591533661,5.06346672773361,38.9538466930389
"Sanga",26.4118790626526,18.3843597769737,20.7784086465836,31.969153881073
"Soba",24.1918325424194,19.6807622909546,6.9099485874176,45.8608835935593
"Zangon Kataf",29.3170362710953,20.2838972210884,19.7907209396362,26.7035990953445
"Zaria",20.2600702643394,16.4455652236938,5.1354456692934,42.6865130662918
"Ajingi",26.8320649862289,19.6056962013245,6.90231397747993,41.1912173032761
"Albasu",26.9117742776871,21.4696735143661,5.15366196632385,40.8870041370392
"Bagwai",28.124788403511,19.675175845623,4.15627174079418,39.9866044521332
"Bebeji",25.4732936620712,19.8576614260674,4.71452996134758,42.9334551095963
"Bichi",29.5715063810349,19.0865591168404,4.87609766423702,38.4355396032333
"Bunkure",26.0215133428574,20.2720016241074,6.39021843671799,40.579017996788
"Dala",11.5182757377625,6.12544193863869,1.97076629847288,19.6354448795319
"Dambatta",31.9685369729996,20.1476827263832,8.0261766910553,33.577823638916
"Dawakin Kudu",23.9231541752815,18.9540535211563,6.51046633720398,41.5703296661377
"Dawakin Tofa",26.0498315095901,19.1889464855194,5.70954754948616,38.5806441307068
"Doguwa",27.7501493692398,21.2890610098839,14.4614562392235,34.3159765005112
"Fagge",0.704430695623159,0.210738042369485,0.0890847062692046,0.532803498208523
"Gabasawa",30.7779014110565,19.5976734161377,5.31452521681786,38.7748748064041
"Garko",25.6384015083313,20.3435510396957,5.33831752836704,42.0735210180283
"Garum Mallam",24.9034628272057,18.0351912975311,6.26149326562881,42.0295983552933
"Gaya",25.9233951568604,19.8345884680748,5.15886843204498,43.6533093452454
"Gezawa",23.7417846918106,16.5057957172394,4.26858328282833,37.3494297266006
"Gwale",3.85528244078159,2.03638505190611,0.647200690582395,5.8737501502037
"Gwarzo",26.8419712781906,19.7952300310135,4.41747978329659,41.1212265491486
"Kabo",25.7969111204147,20.7535088062286,5.2167646586895,41.3854658603668
"Kano",7.50532373785973,4.70119044184685,1.53172584250569,13.6045098304749
"Karaye",22.3217010498047,16.0555079579353,4.12150099873543,40.197965502739
"Kibiya",25.166517496109,19.3995013833046,5.16611561179161,44.5183157920837
"Kiru",25.8458167314529,20.8080887794495,5.16265295445919,42.7958577871323
"Kumbotso",19.6999579668045,13.4279668331146,4.33209799230099,33.6837232112885
"Kunchi",32.5979351997375,18.6405971646309,5.4231021553278,36.005437374115
"Kura",28.6447376012802,17.2037541866302,8.12168642878532,36.1559957265854
"Madobi",23.5340565443039,18.1448638439178,5.95318078994751,43.3908581733704
"Makoda",31.379246711731,19.2275151610374,6.43097162246704,35.7383877038956
"Minjibir",27.4227529764175,18.3466047048569,5.54289594292641,36.3931775093079
"Nasarawa",1.23452935367823,0.48743337392807,0.171449000481516,0.969337578862906
"Rano",22.7723821997643,17.1273797750473,3.96876856684685,37.400695681572
"Rimin Gado",26.29614174366,20.4354077577591,5.14165423810482,41.5304899215698
"Rogo",23.1812089681625,18.8952147960663,4.03540022671223,48.1431812047958
"Shanono",28.7331342697144,19.6561798453331,4.04866933822632,41.7118489742279
"Sumaila",25.7461100816727,21.8407273292542,5.28693571686745,43.645703792572
"Takai",26.6873389482498,20.6400260329247,4.43420857191086,42.8284972906113
"Tarauni",5.18261417746544,2.06386540085077,1.15123735740781,5.62689676880836
"Tofa",25.4357844591141,19.9600487947464,4.98827025294304,40.2253091335297
"Tsanyawa",30.4757595062256,19.5673763751984,4.01858203113079,40.8598989248276
"Tudun Wada",28.8747787475586,21.5604305267334,9.39060300588608,35.4113310575485
"Ungogo",15.5758589506149,10.0443109869957,3.19479256868362,27.6999950408936
"Warawa",24.3645772337914,20.0782850384712,5.60110062360764,36.6948992013931
"Wudil",24.310976266861,18.9138010144234,5.87350912392139,41.556453704834
"Bakori",22.7046802639961,19.9145719408989,4.71367314457893,47.5110530853271
"Batagarawa",33.4563136100769,16.7423143982887,3.80153581500053,37.8769755363464
"Batsari",33.9974194765091,18.4189066290855,4.23280894756317,38.0595922470093
"Baure",37.0779603719711,19.4574370980263,6.79037272930145,29.6060115098953
"Bindawa",31.6605657339096,17.7629217505455,4.12863679230213,39.5956099033356
"Charanchi",29.6941816806793,16.1118969321251,3.08675970882177,46.5378761291504
"Dandume",24.5293691754341,20.3945100307465,5.549705773592,44.4617122411728
"Danja",22.2643613815308,18.2313293218613,5.27203530073166,46.7967748641968
"Danmusa",30.8382928371429,21.2277516722679,4.92403320968151,38.8594210147858
"Daura",36.5378081798553,16.7515784502029,4.94528450071812,35.295894742012
"Dutsi",34.4273716211319,16.3984596729279,5.09445890784264,39.4049733877182
"Dutsinma",27.8174012899399,17.5947993993759,3.48379090428352,41.6819989681244
"Faskari",26.4249920845032,19.8284566402435,6.20613321661949,44.1178262233734
"Funtua",22.8649944067001,19.3321987986565,5.57698160409927,43.4977799654007
"Ingawa",33.4951728582382,18.4971362352371,5.14186918735504,37.8784984350204
"Jibia",37.4213725328445,16.3605272769928,3.75241339206696,36.8711560964584
"Kafur",24.4037166237831,20.3120738267899,4.49992008507252,45.4158037900925
"Kaita",35.733100771904,17.0094877481461,5.57657517492771,37.1322929859161
"Kankara",27.0149827003479,20.3251093626022,5.06531521677971,43.370908498764
"Kankia",29.5962661504745,18.27462464571,3.43769192695618,45.1280176639557
"Katsina",20.9731236100197,9.35531929135323,2.64349356293678,29.332959651947
"Kurfi",31.7468553781509,16.1787644028664,3.19134145975113,44.2603379487991
"Kusada",31.1782121658325,19.1146194934845,4.77601513266563,40.0404423475266
"Mai'Adua",37.3302966356277,15.7694920897484,5.59225976467133,36.1021757125854
"Malumfashi",24.8588785529137,19.7788044810295,4.15600165724754,44.9262022972107
"Mani",33.0156028270721,16.1738708615303,3.94556969404221,40.7516419887543
"Mashi",36.4658027887344,16.044582426548,5.8056078851223,37.6159876585007
"Matazu",30.5194526910782,20.9973409771919,3.76422964036465,41.133376955986
"Musawa",29.6134561300278,20.4379498958588,3.88521440327168,41.9611871242523
"Rimi",32.3248744010925,15.5139490962029,3.52194234728813,41.105592250824
"Sabuwa",26.994976401329,19.6671694517136,6.19592145085335,43.2608306407928
"Safana",33.8873982429504,21.3768035173416,5.83386048674583,34.9651336669922
"Sandamu",34.3738794326782,16.7035073041916,4.79640476405621,38.8005524873734
"Zango",37.1795952320099,18.6208039522171,6.09576255083084,33.3092391490936
"Aleiro",34.0677380561829,17.545422911644,5.48626258969307,36.7894679307938
"Arewa Dandi",38.4284555912018,19.1282242536545,5.60253039002419,32.9844087362289
"Argungu",32.8205287456512,14.8733392357826,4.56907004117966,41.6255623102188
"Augie",38.3385598659515,16.8999865651131,5.09880259633064,34.705975651741
"Bagudo",30.8868885040283,20.4008474946022,11.5611240267754,34.1000020503998
"Birnin Kebbi",32.8046768903732,17.0696884393692,5.69290965795517,38.6939257383347
"Bunza",32.6045840978622,17.4361526966095,5.94483390450478,41.2416189908981
"Dandi",30.5635511875153,18.8007533550262,7.1300208568573,40.0247246026993
"Danko Wasagu",28.1525433063507,21.687163412571,5.61228170990944,42.9224610328674
"Fakai",31.9085687398911,22.1241474151611,7.96160772442818,36.6328835487366
"Gwandu",35.5219662189484,18.3860048651695,4.59053628146648,36.8689954280853
"Jega",29.281148314476,19.3450450897217,6.95354714989662,41.4915710687637
"Kalgo",34.2785239219666,17.3942849040031,5.28064332902431,39.8688703775406
"Koko/Besse",28.937554359436,18.2252019643784,6.20121322572231,42.3106223344803
"Maiyama",29.1632086038589,18.4508830308914,6.41384571790695,42.5217062234879
"Ngaski",28.5116046667099,13.4002566337585,5.26451580226421,33.4106206893921
"Sakaba",28.2945573329926,21.9390377402306,6.1894815415144,42.1322613954544
"Shanga",32.135021686554,20.3437671065331,7.51043185591698,38.4045213460922
"Suru",31.7502796649933,17.3950597643852,6.89219683408737,39.8635536432266
"Yauri",36.1266016960144,16.8323740363121,6.86196982860565,35.5663537979126
"Zuru",29.4422328472137,21.1252570152283,5.69037161767483,39.1754418611526
"Adavi",25.8022308349609,20.5875232815742,27.7748733758926,21.7005267739296
"Ajaokuta",27.584782242775,20.7072004675865,29.4263660907745,18.1247964501381
"Ankpa",21.7610627412796,17.6072344183922,36.1847281455994,20.3348889946938
"Bassa",24.2629840970039,21.0179015994072,36.8847042322159,15.5629530549049
"Dekina",20.9852918982506,18.8328698277473,50.4252910614014,6.88473135232925
"Ibaji",34.1630756855011,14.6497786045074,26.1782199144363,20.2977016568184
"Idah",32.7130675315857,11.2869687378407,9.90943387150764,28.2805979251862
"Igalamela-Odolu",26.0482370853424,21.0104748606682,40.9414559602737,9.21890810132027
"Ijumu",21.166880428791,23.246631026268,43.5653865337372,10.5291917920113
"Kabba/Bunu",27.3353219032288,25.4605263471603,38.2240265607834,7.86205604672432
"Kogi",31.6678136587143,22.430694103241,28.59907746315,14.0587717294693
"Lokoja",32.7280521392822,23.1410518288612,26.758074760437,15.1503056287766
"Mopa-Muro",23.235148191452,25.5928069353104,44.7632819414139,5.15914112329483
"Ofu",22.4738419055939,19.2920848727226,45.906588435173,8.87910276651382
"Ogori/Magongo",18.0597469210625,15.4881983995438,29.5762091875076,32.3479771614075
"Okehi",25.8899420499802,20.4660832881927,27.566060423851,21.7785179615021
"Okene",24.9212399125099,20.5196663737297,32.05786049366,21.8997836112976
"Olamaboro",17.6241934299469,14.4773304462433,40.1729434728622,24.1377487778664
"Omala",24.7989013791084,24.4117230176926,43.8240677118301,5.9113334864378
"Yagba East",27.0970553159714,25.0141471624374,40.0400459766388,6.50961548089981
"Yagba West",28.8712412118912,26.7767429351807,35.3647112846375,5.89992217719555
"Asa",23.2659921050072,16.5585070848465,19.0512642264366,35.9685719013214
"Baruten",31.747779250145,22.7746799588203,23.3075052499771,21.5368181467056
"Edu",32.9328387975693,18.3981135487556,13.1249725818634,33.075800538063
"Ekiti",26.0961174964905,27.224212884903,36.2308889627457,8.6974710226059
"Ifelodun",29.77235019207,24.9971136450768,29.4893831014633,14.7527948021889
"Ilorin East",30.1638960838318,20.2272906899452,18.1751787662506,20.7154884934425
"Ilorin South",26.1770665645599,19.8431968688965,23.1434270739555,20.8747059106827
"Ilorin West",13.0377694964409,5.7176411151886,3.09976153075695,14.1573116183281
"Irepodun",24.3707329034805,22.0647126436234,35.0841403007507,15.4105797410011
"Isin",23.8696128129959,26.0141372680664,41.6377514600754,6.58986791968346
"Kaiama",35.1612448692322,23.8564357161522,22.8436321020126,17.4743384122849
"Moro",31.432718038559,22.7187409996986,23.3025327324867,21.1703345179558
"Offa",20.5576464533806,14.8791491985321,17.3437625169754,22.3478391766548
"Oke-Ero",26.5435874462128,26.1330008506775,33.9073568582535,11.4797502756119
"Oyun",24.9936163425446,20.5220982432365,31.427264213562,19.4952249526978
"Pategi",31.6978484392166,22.745618224144,26.0039240121841,18.0566608905792
"Agege",0.475265504792333,0.0284420733805746,0.0538569816853851,0.00568841423955746
"Ajeromi/Ifelodun",0.801277160644531,0.258081266656518,0.503258453682065,0.0903284410014749
"Alimosho",7.28429853916168,3.76545675098896,3.96012179553509,2.06005983054638
"Amuwo Odofin",18.7873348593712,7.48248845338821,12.1711783111095,3.76590602099895
"Apapa",6.74846470355988,2.07855310291052,2.92669124901295,2.21578180789948
"Badagry",36.829537153244,12.0399378240108,22.7040246129036,4.27780039608479
"Epe",26.3192713260651,16.3547605276108,32.1615666151047,4.29603010416031
"Eti-Osa",14.6717056632042,4.42619621753693,7.62461125850677,3.72638888657093
"Ibeju-Lekki",31.4432173967361,15.4219448566437,30.7799965143204,8.1182062625885
"Ifako/Ijaye",2.01374385505915,0.794082414358854,0.899060815572739,0.517955981194973
"Ikeja",4.67330552637577,2.37414445728064,2.08798423409462,1.65711306035519
"Ikorodu",21.5138882398605,10.0794322788715,14.6230980753899,5.84114640951157
"Kosofe",17.5958409905434,6.22826926410198,11.0873565077782,6.55572786927223
"Lagos Island",18.3392360806465,5.07973060011864,11.0126189887524,1.94525122642517
"Mainland",1.85922253876925,0.536910397931933,0.658396165817976,0.182342797052115
"Mushin",0.831205397844315,0.208064634352922,0.337916472926736,0.0394052971387282
"Ojo",26.8557637929916,11.4249110221863,20.3194946050644,3.58347073197365
"Oshodi/Isolo",12.0792582631111,4.4198676943779,5.07763288915157,2.93498262763023
"Shomolu",0.712681422010064,0.117898068856448,0.109127245377749,0.246440107002854
"Surulere",0.170485209673643,0.0274596182862297,0.0244085458689369,0.0244085458689369
"Akwanga",27.3609608411789,16.5314391255379,18.8145250082016,33.2064121961594
"Awe",28.9650648832321,20.5858677625656,20.3968271613121,29.2138487100601
"Doma",29.9702197313309,17.2808021306992,16.5714204311371,33.8471382856369
"Karu",27.5775641202927,17.3254206776619,16.5598124265671,33.3449631929398
"Keana",29.2051762342453,21.2312281131744,18.9366728067398,29.5173585414886
"Keffi",28.3315896987915,12.0967194437981,8.51066559553146,36.8794679641724
"Kokona",29.3618887662888,19.2448362708092,20.3508719801903,29.1615664958954
"Lafia",29.6036154031754,18.3741375803947,13.7578561902046,33.388677239418
"Nasarawa",29.1136592626572,17.9046496748924,17.932790517807,32.9931914806366
"Nasarawa Eggon",30.0316274166107,20.1534658670425,19.8326453566551,27.1090030670166
"Obi",28.8852721452713,18.2310938835144,12.4555930495262,38.1474137306213
"Toto",30.1565110683441,22.7614477276802,27.1681040525436,18.0936962366104
"Wamba",27.5924742221832,23.438960313797,31.2183797359467,16.2325859069824
"Agaie",32.3263943195343,15.458557009697,9.27230268716812,39.0759319067001
"Agwara",34.4512104988098,15.7978609204292,6.43412917852402,34.4519406557083
"Bida",19.9976444244385,8.99317935109138,6.19408413767815,23.8635703921318
"Borgu",36.3321542739868,22.0672264695168,13.924440741539,23.9383012056351
"Bosso",31.3509583473206,18.0296704173088,8.91603156924248,37.6017779111862
"Chanchaga",17.1536922454834,8.21358636021614,3.36760468780994,25.3516852855682
"Edati",34.2232882976532,18.0493846535683,14.5797997713089,30.7675689458847
"Gbako",32.207453250885,15.627709031105,8.86136591434479,39.1121000051498
"Gurara",32.7601402997971,19.451417028904,13.9573156833649,31.4281463623047
"Katcha",34.1039538383484,14.7141858935356,8.78108739852905,39.0285432338715
"Kontagora",30.492502450943,19.2581951618195,7.00568109750748,40.4381722211838
"Lapai",32.784315943718,19.0753296017647,15.4944032430649,29.7727942466736
"Lavun",32.0131689310074,17.8717494010925,15.4008522629738,31.9354206323624
"Magama",30.708310008049,17.4011990427971,6.04760125279427,40.7824963331223
"Mariga",28.4361839294434,18.5775369405746,6.86321184039116,44.7603702545166
"Mashegu",31.7553102970123,19.084221124649,11.628358066082,35.2137863636017
"Mokwa",33.0731928348541,16.8873086571693,12.1872365474701,30.1818311214447
"Muya",30.7845294475555,17.6843300461769,13.6717021465302,29.9944907426834
"Paikoro",31.5163433551788,16.707655787468,9.90884453058243,39.1386181116104
"Rafi",32.316592335701,19.1192924976349,11.0094025731087,35.8862221240997
"Rijau",29.1698664426804,21.2358981370926,6.50962293148041,41.1054313182831
"Shiroro",32.9695224761963,20.026271045208,16.7247012257576,28.0474096536636
"Suleja",28.3094942569733,19.1573232412338,16.6202455759048,23.1366977095604
"Tafa",24.9867081642151,10.8543649315834,7.57208168506622,34.147635102272
"Wushishi",31.0296297073364,16.3165211677551,9.36440080404282,40.6423062086105
"Abeokuta North",28.1838029623032,22.282686829567,28.8471132516861,15.8249944448471
"Abeokuta South",9.22334119677544,3.63749153912067,2.96126790344715,5.59144429862499
"Ado Odo/Ota",29.9987614154816,20.3438699245453,20.5355599522591,8.90219882130623
"Ewekoro",37.8570586442947,25.2928733825684,21.7843189835548,11.9040414690971
"Ifo",27.9883235692978,19.3546459078789,17.1566158533096,9.3848779797554
"Ijebu-Ode",26.2558996677399,22.6658597588539,23.5030710697174,7.49204754829407
"Ijebu East",18.9671874046326,27.6095271110535,49.4489043951035,2.46332306414843
"Ijebu North",23.4209224581718,28.7656635046005,40.3941869735718,4.26190085709095
"Ijebu North-East",26.1313855648041,29.2659848928452,33.8200509548187,6.8408876657486
"Ikenne",28.9674580097198,22.6800560951233,27.6368498802185,7.50356242060661
"Imeko-Afon",28.9050042629242,24.2166966199875,28.4851521253586,17.686066031456
"Ipokia",34.1829359531403,23.0039179325104,25.3237187862396,8.43850448727608
"Obafemi-Owode",31.0374110937119,26.6347974538803,26.7993539571762,8.05388763546944
"Odeda",28.9202570915222,24.2329031229019,28.8631081581116,15.821997821331
"Odogbolu",28.912091255188,27.116721868515,32.8371822834015,7.18864947557449
"Ogun Waterside",26.2234836816788,24.7359097003937,43.0418640375137,4.19673509895802
"Remo-North",24.6208846569061,28.0539333820343,39.7121429443359,3.09655554592609
"Shagamu",27.8005093336105,20.7549646496773,30.5890470743179,6.63774907588959
"Yewa North",33.4790498018265,24.4059026241302,25.5827873945236,14.4348129630089
"Yewa South",30.9197872877121,29.8379689455032,25.1217991113663,9.21982601284981
"Akoko North-East",20.222333073616,19.7647199034691,39.7390782833099,15.9570962190628
"Akoko North-West",26.198148727417,22.2251683473587,43.5390919446945,4.87302020192146
"Akoko South-East",19.9393481016159,19.0595731139183,43.3676242828369,14.1026884317398
"Akoko South-West",17.509526014328,18.0315956473351,51.4394462108612,9.35355201363564
"Akure North",30.3433805704117,24.4397059082985,30.0329059362411,6.4410924911499
"Akure South",22.0842212438583,20.6096187233925,29.1175186634064,4.21029552817345
"Ese-Odo",20.1518625020981,17.4255520105362,59.6109509468079,1.49566764011979
"Idanre",22.0448076725006,28.7095218896866,45.5798327922821,2.48099900782108
"Ifedore",21.9878867268562,24.8212561011314,46.1591720581055,1.5838447958231
"Ilaje",32.7595382928848,16.0517692565918,43.9037173986435,3.26217226684093
"Ile-Oluji/Okeigbo",16.7956665158272,19.2990198731422,61.3554656505585,0.641873944550753
"Irele",18.4257999062538,30.5373758077621,46.6070264577866,2.85956412553787
"Odigbo",16.1821484565735,27.9836505651474,52.0197033882141,1.34237026795745
"Okitipupa",18.8696637749672,29.2271465063095,45.3504651784897,1.99080090969801
"Ondo East",17.4695879220963,26.1606276035309,53.5450279712677,0.794665887951851
"Ondo West",14.6937996149063,23.5542193055153,57.7330648899078,0.795647781342268
"Ose",22.3989248275757,23.6810609698296,42.008176445961,10.7064805924892
"Owo",26.5120357275009,22.9528516530991,35.4197710752487,11.5117654204369
"Aiyedade",19.3254441022873,23.6906856298447,52.4461269378662,1.88858285546303
"Atakumosa East",15.5875995755196,19.7953119874001,57.8201532363892,1.05242813006043
"Atakumosa West",16.3919880986214,20.8877205848694,59.735369682312,0.906210392713547
"Ayedire",31.6005676984787,25.2920001745224,36.3671869039536,6.04094602167606
"Boluwaduro",36.8023306131363,23.0214819312096,31.2393009662628,4.5966450124979
"Boripe",25.7546424865723,19.8966920375824,46.0491001605988,3.72749380767345
"Ede North",31.1692506074905,17.5604343414307,19.1418051719666,13.0774527788162
"Ede South",23.6865401268005,19.8922201991081,51.1920809745789,2.81795896589756
"Egbedore",30.6327074766159,19.830510020256,24.5898544788361,7.88721293210983
"Ejigbo",28.7737160921097,19.4474294781685,28.4804314374924,17.6203593611717
"Ife Central",21.7983961105347,26.4008432626724,40.8042222261429,3.24870347976685
"Ife East",14.0964284539223,21.9215825200081,62.1622204780579,0.292807468213141
"Ife North",15.5783444643021,20.6619620323181,55.5369973182678,0.988449156284332
"Ife South",11.3351345062256,15.6408041715622,71.1991131305695,0.19582100212574
"Ifedayo",24.3183612823486,19.441345334053,49.7687727212906,4.40384931862354
"Ifelodun",24.8728662729263,17.4798250198364,35.5123192071915,3.12394239008427
"Ila",26.4901399612427,20.3576073050499,43.2869404554367,5.46441040933132
"Ilesha East",22.0912665128708,19.3783968687057,37.932613492012,2.64910571277142
"Ilesha West",18.0556178092957,14.1307011246681,27.4213522672653,2.31952834874392
"Irepodun",27.3957520723343,16.4395079016685,27.3405760526657,6.99059888720512
"Irewole",24.2804810404778,22.519838809967,41.8694674968719,3.08233145624399
"Isokan",20.0907796621323,25.4328519105911,51.7894506454468,1.76385641098022
"Iwo",26.9951790571213,21.3950932025909,31.9706946611404,9.71361175179482
"Obokun",24.7325256466866,21.6267332434654,47.3685592412949,2.10194978863001
"Odo-Otin",32.654219865799,20.6470161676407,35.7643067836761,5.38405105471611
"Ola Oluwa",25.1129388809204,19.1473186016083,27.8853267431259,25.613597035408
"Olorunda",20.2323347330093,13.2056325674057,23.9291429519653,4.97232340276241
"Oriade",20.3940972685814,21.538919210434,52.2544682025909,1.83297395706177
"Orolu",25.0947207212448,18.8362374901772,37.3589545488358,4.91408593952656
"Osogbo",27.9804438352585,15.2079597115517,14.3969923257828,11.580528318882
"Afijio",29.965552687645,19.1923156380653,21.3658541440964,26.31576359272
"Akinyele",27.4923950433731,22.0233678817749,27.2462666034698,5.88764734566212
"Atiba",30.2535027265549,20.6904172897339,28.9695680141449,18.5894474387169
"Atisbo",28.3392876386642,25.0304847955704,34.6717923879623,11.1908808350563
"Egbeda",28.5742700099945,20.061294734478,15.857782959938,7.44274482131004
"Ibadan North",4.03212644159794,1.01212663576007,1.34684219956398,0.613602204248309
"Ibadan North-East",1.00172432139516,0.0971896399278194,0.0669789093080908,0.0735363631974906
"Ibadan North-West",8.72529745101929,3.62128391861916,4.19497862458229,2.03570295125246
"Ibadan South-East",1.96867324411869,0.711092725396156,0.719129247590899,0.485520111396909
"Ibadan South-West",4.68162260949612,1.46264238283038,1.66256725788116,1.22015988454223
"Ibarapa Central",26.5739738941193,18.5377836227417,19.7146460413933,32.2015851736069
"Ibarapa East",26.60251557827,18.5679256916046,22.0096841454506,30.5443495512009
"Ibarapa North",27.054750919342,20.7148879766464,23.8914132118225,27.4730414152145
"Ido",32.3353052139282,24.116188287735,24.5850041508675,10.7996009290218
"Irepo",31.3349843025208,22.3185792565346,29.1513353586197,15.6695455312729
"Iseyin",30.5866032838821,20.9661826491356,21.7175424098969,24.5995491743088
"Itesiwaju",31.4586460590363,24.2698445916176,24.7419267892838,17.8519681096077
"Iwajowa",28.3348947763443,23.6338168382645,30.9415459632874,16.6228666901588
"Kajola",27.922323346138,23.1368854641914,28.7461131811142,17.4163639545441
"Lagelu",26.1398524045944,22.2249031066895,24.9472707509995,5.42222298681736
"Ogbomosho North",19.7776198387146,11.9975976645947,10.8223602175713,30.0207406282425
"Ogbomosho South",24.8018220067024,15.5436515808105,15.0025874376297,31.2749624252319
"Ogo Oluwa",26.509416103363,20.2906832098961,30.8153599500656,19.8408737778664
"Olorunsogo",29.6440541744232,23.4026059508324,33.516862988472,12.0988957583904
"Oluyole",28.5726755857468,26.1888980865479,33.6218655109406,5.8113157749176
"Ona Ara",23.1865853071213,24.0889698266983,35.6000900268555,4.03664372861385
"Orelope",30.0655782222748,23.8804861903191,32.2455078363419,12.6019418239594
"Ori-Ire",29.6751797199249,22.5211530923843,23.5214665532112,22.8118881583214
"Oyo East",26.5733271837234,15.7662346959114,15.1736453175545,32.8295558691025
"Oyo West",29.4173181056976,15.2252659201622,12.4886780977249,34.1296285390854
"Saki East",30.3770005702972,24.4027018547058,27.746856212616,15.3602421283722
"Saki West",27.3267507553101,24.0587398409843,30.1137387752533,17.5498276948929
"Surulere",23.5966891050339,16.6720598936081,23.6821815371513,34.21351313591
"Barkin Ladi",31.5741240978241,19.4821909070015,11.754734069109,29.8216134309769
"Bassa",30.5478066205978,21.6921120882034,14.6487385034561,28.8431942462921
"Bokkos",29.5540332794189,21.0704505443573,19.9948266148567,24.4564369320869
"Jos East",29.3863326311111,22.730065882206,23.5025599598885,20.833021402359
"Jos North",21.880342066288,14.3437996506691,9.73210111260414,20.5405488610268
"Jos South",27.5076031684875,16.9581785798073,8.59415605664253,32.4306726455688
"Kanam",33.3719611167908,22.942553460598,8.91481786966324,33.1098765134811
"Kanke",31.7833095788956,20.5986827611923,11.2096399068832,32.2118043899536
"Langtang North",31.3576698303223,19.1551446914673,8.60529169440269,36.1384034156799
"Langtang South",29.187798500061,16.36982858181,8.25810730457306,44.4058239459991
"Mangu",27.6672720909119,19.0538808703423,11.6937734186649,34.7177296876907
"Mikang",31.7954033613205,19.4072782993317,10.2216437458992,37.0042502880096
"Pankshin",29.6511709690094,20.9439679980278,18.7924444675446,26.7516493797302
"Qua'an Pan",32.1754395961761,20.5774307250977,15.0587722659111,30.5925667285919
"Riyom",28.6631792783737,20.4329386353493,19.9134305119514,27.2122323513031
"Shendam",31.2365770339966,17.9037615656853,8.41594412922859,40.3380841016769
"Wase",30.0694823265076,21.6781884431839,10.0921556353569,37.4561637639999
"Abua/Odual",17.2276169061661,9.34088528156281,71.2267756462097,0.633866107091308
"Ahoada East",27.3491978645325,16.242390871048,44.8614090681076,4.89171147346497
"Ahoada West",19.3844079971313,11.1892372369766,65.4728055000305,1.57496929168701
"Akuku-Toru",35.2550506591797,9.36448574066162,54.3919146060944,0.151205703150481
"Andoni",32.1558833122253,15.2776792645454,41.1438822746277,5.95748163759708
"Asari-Toru",41.6950315237045,9.65832397341728,43.8722401857376,0.401202961802483
"Bonny",41.3162529468536,10.980923473835,39.7262811660767,1.68552491813898
"Degema",43.8223212957382,6.99713826179504,45.0062960386276,0.239125755615532
"Eleme",24.7549816966057,13.4292408823967,21.2120607495308,18.9894616603851
"Emuoha",29.4335901737213,17.8230658173561,45.4890698194504,4.19260673224926
"Etche",25.1854360103607,17.92893409729,40.6315058469772,9.25939679145813
"Gokana",23.3660876750946,8.12424346804619,12.9115134477615,39.2887830734253
"Ikwerre",27.5755316019058,19.5784270763397,37.6547396183014,4.97040003538132
"Khana",24.137319624424,11.7072932422161,19.6546271443367,36.9403570890427
"Obio/Akpor",16.4090096950531,6.29801601171494,11.9374044239521,3.0626904219389
"Ogba/Egbema/Ndoni",22.8534385561943,12.3850122094154,53.4716069698334,4.83900681138039
"Ogu/Bolo",51.8778622150421,7.4264369904995,35.9846144914627,0.278978073038161
"Okrika",45.3647822141647,8.15578103065491,33.6071163415909,0.992366950958967
"Omumma",24.4866475462914,20.2277690172195,47.4623769521713,3.10599356889725
"Opobo/Nkoro",30.9645980596542,17.5147280097008,41.6427254676819,3.11312153935432
"Oyigbo",23.2839107513428,12.7036586403847,23.504750430584,27.9997825622559
"Port Harcourt",30.3689062595367,7.1771465241909,26.1585533618927,2.27545462548733
"Tai",18.2528182864189,8.2107700407505,10.1366937160492,53.161895275116
"Binji",40.9940093755722,18.1095972657204,4.87685389816761,32.0120275020599
"Bodinga",37.6513570547104,16.3985505700111,3.84882688522339,33.9309722185135
"Dange-Shuni",39.3443197011948,18.880832195282,4.93908636271954,31.3128650188446
"Gada",42.9666131734848,15.656216442585,4.18082475662231,32.1160346269608
"Goronyo",40.5262231826782,14.1670271754265,4.12563867866993,28.8136839866638
"Gudu",45.9173649549484,20.1385349035263,5.00469952821732,25.9232699871063
"Gwadabawa",43.8531279563904,16.5690213441849,4.20726090669632,30.2483290433884
"Illela",42.1496391296387,15.2364745736122,4.22026179730892,31.4355850219727
"Isa",40.085631608963,20.0094044208527,5.90956173837185,31.4020991325378
"Kebbe",31.2774807214737,22.6377338171005,9.44879651069641,34.8576039075851
"Kware",37.4966353178024,16.1179825663567,4.45144064724445,32.3296785354614
"Rabah",38.0051285028458,17.9222643375397,5.49253076314926,34.465628862381
"Sabon Birni",35.6916189193726,15.5405357480049,5.73401339352131,38.5428458452225
"Shagari",32.8348755836487,20.4720184206963,6.39915764331818,36.639866232872
"Silame",42.3661738634109,18.8947305083275,5.09896799921989,30.1476687192917
"Sokoto North",18.012061715126,9.04667302966118,3.70244942605495,18.4770092368126
"Sokoto South",27.9932051897049,12.7257600426674,3.98469120264053,23.0516389012337
"Tambuwal",33.1338822841644,19.622515141964,6.02680146694183,37.940239906311
"Tangaza",45.9151953458786,17.3197999596596,4.03315201401711,24.8423770070076
"Tureta",35.5299383401871,19.4473072886467,6.05689324438572,37.1503174304962
"Wamako",35.8277440071106,14.8446574807167,4.29922603070736,29.9901753664017
"Wurno",39.1269952058792,15.43298214674,4.39153946936131,30.192756652832
"Yabo",39.6260112524033,16.6912749409676,4.38582673668861,33.4829032421112
"Ardo-Kola",30.766236782074,17.786593735218,10.9998375177383,37.6752942800522
"Bali",34.2922866344452,21.6928109526634,26.9160956144333,16.4679616689682
"Donga",32.3817074298859,20.2069327235222,22.9715153574944,23.3929455280304
"Gashaka",30.0845414400101,21.1851730942726,44.1758543252945,4.33638207614422
"Gassol",30.5655866861343,16.9570744037628,9.57491919398308,41.069284081459
"Ibi",32.8976035118103,17.3134505748749,16.1923319101334,31.5423130989075
"Jalingo",25.8435696363449,16.4833962917328,8.60030874609947,33.6499154567719
"Karim Lamido",32.7587872743607,20.9526538848877,10.645404458046,33.9309453964233
"Kurmi",27.3062855005264,19.1287130117416,51.990020275116,1.22008724138141
"Lau",30.5723518133163,19.1223174333572,8.22813734412193,39.790615439415
"Sardauna",43.9852505922318,15.3403013944626,25.1590043306351,13.951812684536
"Takum",38.0322158336639,18.5058534145355,14.8841485381126,26.8611133098602
"Ussa",39.360785484314,21.6794535517693,31.5451562404633,5.77195957303047
"Wukari",29.5612990856171,16.8848171830177,13.9203488826752,37.6716107130051
"Yorro",32.3690861463547,19.8178693652153,13.3780062198639,30.2695333957672
"Zing",29.3785959482193,16.7187035083771,7.34046772122383,40.6731575727463
"Bade",43.9137428998947,15.0634542107582,4.84303571283817,34.7443014383316
"Borsari",43.7548995018005,11.842280626297,3.55927646160126,38.3896440267563
"Damaturu",39.8597687482834,17.735430598259,4.24636378884315,35.2329343557358
"Fika",37.0260387659073,18.8815414905548,5.12919686734676,36.542072892189
"Fune",41.3371026515961,16.6638672351837,3.95666211843491,35.9803438186646
"Geidam",48.0053782463074,12.7870827913284,3.94691117107868,34.0590059757233
"Gujba",36.5593254566193,18.4419989585876,4.85336445271969,38.3101105690002
"Gulani",35.6010288000107,17.761817574501,4.82166036963463,39.3151879310608
"Jakusko",43.023869395256,16.8817028403282,4.76029701530933,32.7916711568832
"Karasuwa",42.3906534910202,14.685620367527,4.36816029250622,34.9820822477341
"Machina",47.0465362071991,15.0874570012093,4.53146062791348,31.6746920347214
"Nangere",35.5895280838013,18.0648609995842,3.89810837805271,37.8587186336517
"Nguru",43.7353909015656,16.2594124674797,5.61915561556816,30.5103629827499
"Potiskum",35.3811532258987,14.6902143955231,3.99169661104679,39.410474896431
"Tarmuwa",42.6779448986053,15.3885006904602,4.05361093580723,36.5186989307404
"Yunusari",40.5675143003464,8.57122093439102,2.91956290602684,41.7838335037231
"Yusufari",45.9860533475876,10.3735335171223,3.39025557041168,34.7865790128708
"Anka",34.2670679092407,21.0330963134766,8.62794443964958,34.6537083387375
"Bakura",34.6039146184921,20.6343531608582,5.80160431563854,36.1218094825745
"Birnin-Magaji/Kiyaw",35.1300299167633,21.4954242110252,5.45990318059921,35.5118244886398
"Bukkuyum",34.0617567300797,20.2587693929672,4.78397198021412,39.4558101892471
"Bungudu",32.6192766427994,19.5712938904762,4.01989743113518,39.5586282014847
"Gummi",32.3330461978912,22.3996326327324,7.83896744251251,35.2969974279404
"Gusau",30.0052016973495,19.4183260202408,6.8356566131115,40.426242351532
"Kaura Namoda",33.6684823036194,18.3734849095345,3.76418679952621,36.9249999523163
"Maradun",38.2367193698883,21.0636466741562,5.53982108831406,32.4048936367035
"Maru",30.5723607540131,19.4157138466835,10.3910759091377,38.2624387741089
"Shinkafi",35.3085577487946,17.9299831390381,5.656922981143,36.3112032413483
"Talata-Mafara",38.3092164993286,19.4940432906151,3.87525372207165,34.0862631797791
"Tsafe",28.2461285591125,19.7790414094925,4.55884486436844,43.8218981027603
"Zurmi",40.3466522693634,19.8379531502724,4.66985963284969,32.3719024658203
