,NAME_3,DEA crop mask,ESRI crops,ESA crops,CGLS crops
0,Addis Ketema,0.0015,0.0,0.060000000000000005,0.014827000000000002
1,Akaki - Kalit,61.955000000000005,65.5153,68.3865,47.02622300000001
2,Arada,0.11120000000000001,0.0,0.3144,0.18073999999999998
3,Bole,45.647000000000006,48.701800000000006,51.4349,37.347272999999994
4,Gulele,0.6781,0.9747,1.1478000000000002,2.3648289999999994
5,Kirkos,0.2591,0.0,0.4445,0.096494
6,Kolfe - Keran,6.205,2.7352000000000003,11.745700000000001,5.794034000000001
7,Lideta,0.7877000000000001,0.0402,0.9587,0.5145810000000001
8,Nefas Silk,11.4711,4.7537,10.9588,7.182229000000002
9,Yeka,11.435400000000001,18.9494,18.6274,13.250123000000002
10,Adaa'r,4.8665,0.8137000000000001,1.1876,2.654923000000011
11,Afambo,0.1109,63.492200000000004,45.362500000000004,52.46984100000005
12,Aysaita,2.0441000000000003,231.41170000000002,223.1192,110.5713820000003
13,Chifra,11.7139,13.775,108.0231,12.151715000000033
14,Dubti,0.0364,291.0125,271.1547,84.44869900000042
15,Elidar,0.018600000000000002,38.8091,109.0951,51.29705299999984
16,Kurri,0.0,4.006,28.6584,19.41257000000006
17,Mile,0.0811,6.9865,89.1636,24.30182300000009
18,Ab Ala,25.605900000000002,20.067600000000002,33.520900000000005,46.00617499999989
19,Afdera,0.0,0.005,8.2119,15.182250000000135
20,Berahile,0.0354,1.3467,14.3733,37.254306999999855
21,Bidu,0.0,2.5741,12.836400000000001,21.711500000000044
22,Dalul,0.1159,2.3948,6.141500000000001,25.7512810000001
23,Erebti,0.0,0.20500000000000002,2.0399000000000003,0.9617829999999992
24,Koneba,0.0483,4.8669,1.3013000000000001,3.189798999999993
25,Megale,1.1362,3.0421,1.7315,17.59125400000002
26,Amibara,222.532,266.868,166.2182,151.764537999999
27,Argoba Special Woreda,47.372,46.3701,30.8698,121.41938100000002
28,Awash Fentale,34.859,297.5702,27.817500000000003,48.255829
29,Bure Mudaytu,14.533800000000001,41.689800000000005,36.276700000000005,47.608216999999996
30,Dulecha,26.2631,80.0265,8.5919,37.93050099999999
31,Gewane,111.1986,173.51930000000002,491.8492,181.91939700000137
32,Awra,0.0268,4.4834000000000005,47.8378,3.513429000000011
33,Ewa,5.766,9.0675,50.6937,22.803067000000002
34,Gulina,0.4252,4.2344,1.4192,13.239959999999995
35,Teru,0.0,10.2559,69.4628,49.133348
36,Yalo,0.441,19.902800000000003,1.7772000000000001,23.844601000000022
37,Dalfagi,6.8796,2.2377000000000002,0.6458,22.061107000000003
38,Dewe,24.9937,0.5873,4.1529,15.97758299999999
39,Hadelela,28.9451,10.3034,1.0304,14.745893000000033
40,Simurobi Gele'alo,115.7462,33.575700000000005,34.6824,73.37764999999992
41,Telalak,13.406600000000001,1.4722000000000002,1.9482000000000002,4.442995999999986
42,Ankasha,774.0254,776.7507,804.4985,440.83674299999973
43,Banja,305.16630000000004,310.5967,248.151,172.11964400000002
44,Dangila,658.2224,749.6483000000001,680.0655,416.9987819999997
45,Fagta Lakoma,308.93280000000004,485.6926,337.3353,240.85483300000007
46,Guagusa Shikudad,223.09050000000002,226.87900000000002,208.5663,129.11563299999986
47,Guangua,1558.7322000000001,1165.1423,1283.6569,779.272000000001
48,Jawi,851.6376,305.8557,807.8211,639.5244420000008
49,Argoba,84.9895,42.897400000000005,39.185700000000004,81.15419800000015
50,Bahir Dar,0.7903,0.9599000000000001,1.2873,0.9294340000000002
51,Dera,1116.0700000000002,1099.586,1312.223,812.4936220000014
52,East Esite,733.6020000000001,800.4440000000001,907.7602,631.1031470000022
53,Ebenat,1006.3437,619.8667,1005.2700000000001,1100.3985709999993
54,Farta,679.5679,1013.8795,917.5951,592.2795270000007
55,Fogera,879.5258,958.6632000000001,1004.4142,596.8228699999999
56,Lay Gayint,655.3618,532.9435,768.6594,660.213402999999
57,Libo Kemkem,667.025,687.1459,766.288,535.9090150000003
58,Simada,754.4340000000001,526.4584,981.0852000000001,876.2525189999977
59,Tach Gayint,264.7025,173.7828,320.2558,301.70888399999933
60,West Esite,631.5899000000001,531.936,695.0308,490.2199019999994
61,Albuko,203.0817,309.99100000000004,218.78230000000002,195.0903999999999
62,Ambasel,174.3556,218.5028,198.9387,285.63386999999915
63,Debresina,501.62170000000003,449.2744,535.5682,380.6549060000001
64,Dessie Zuria,547.3463,857.4061,629.1724,482.3031510000014
65,Jama,519.2676,620.6133,729.0073,529.2180830000011
66,Kalu,359.9834,496.87640000000005,328.5494,283.99418
67,Kelela,667.8523,903.8274,918.2622,686.4187130000004
68,Kutaber,270.5376,301.9066,269.3739,268.0492420000003
69,Legambo,468.41380000000004,739.3745,564.7506000000001,415.963514
70,Legehida,251.80780000000001,279.45550000000003,274.7101,203.07538200000008
71,Mehal Sayint,249.05360000000002,226.8913,271.7608,213.56056300000017
72,Mekdela,476.1795,514.936,535.6056,548.9429800000015
73,Sayint,490.64660000000003,453.9911,519.738,518.2811549999996
74,Tenta,468.07930000000005,711.0929,643.4918,534.9156159999994
75,Thehulederie,209.3519,252.16670000000002,175.3955,123.81603099999992
76,Wegde,596.0193,483.2135,598.5729,468.5686290000011
77,Were Ilu,417.8709,506.16310000000004,516.4192,379.7408849999997
78,Worebabu,140.73760000000001,244.9651,116.7393,174.47834300000002
79,Bahir Dar Zuria,835.7812,1156.1715000000002,1239.9274,757.2796669999998
80,Bure,417.2223,416.997,490.8287,306.1618279999994
81,Debub Achefer,857.2011,770.5757,882.89,547.6470930000014
82,Dega Damot,468.86580000000004,724.7068,523.7176000000001,361.3954079999996
83,Dembecha,491.89340000000004,643.5341000000001,692.4139,402.5887709999999
84,Jabi Tehnan,545.6638,907.7291,962.3374,506.7506260000012
85,Mecha,849.4514,1210.9672,1104.2791,673.5181289999987
86,Quarit,330.0027,526.7792000000001,473.9714,275.1911039999997
87,Sekela,417.7354,653.1289,527.8061,330.9900179999999
88,Semen Achefer,696.9486,897.8869000000001,907.2907,598.529995999999
89,Wemberma,527.9987,421.8557,559.3608,368.2348250000002
90,Yilmana Densa,950.25,995.6735000000001,1096.7247,686.3164419999979
91,Aneded,483.1754,433.77790000000005,512.6223,352.7670719999995
92,Awabel,536.4011,477.0527,597.1750000000001,426.6383640000005
93,Baso Liben,594.8481,381.0018,636.666,457.6015260000004
94,Bibugn,219.5044,324.7534,233.26860000000002,167.93417799999992
95,Debay Telatgen,430.5777,428.89390000000003,476.026,318.6945089999997
96,Debre Elias,428.07,363.59700000000004,511.365,386.4237919999992
97,Dejen,344.4975,294.678,370.2604,299.51069699999977
98,Enarj Enawga,534.9975000000001,483.4168,585.1094,449.3376310000006
99,Enbise Sar Midir,410.7277,259.9078,449.7704,403.12854899999985
100,Enemay,524.1093000000001,449.1186,591.7654,385.1384360000009
101,Goncha Siso Enese,540.5934,499.87120000000004,630.6895000000001,489.2881750000012
102,Gonje,178.1434,193.556,200.346,128.8208859999999
103,Guzamn,559.4281,517.4344,677.2977000000001,456.980189
104,Hulet Ej Enese,817.8726,910.101,944.5889000000001,703.7437400000005
105,Michakel,433.858,535.2957,535.7884,326.5694829999998
106,Senan,456.3772,618.3411,523.3484,358.21344500000066
107,Shebel Bereta,418.45160000000004,313.45480000000003,403.56510000000003,384.80372500000044
108,Angolelana Tera,385.68960000000004,710.5448,650.4586,435.60848599999986
109,Ankober,157.9384,329.3664,154.2851,210.31928400000012
110,Antsokiya,120.3469,166.9841,122.1426,110.80766800000009
111,Assagirt,156.2123,215.12290000000002,150.7441,166.98185800000005
112,Basona Worena,635.7616,969.5865,869.9963,614.7725649999991
113,Berehet,210.6604,118.88730000000001,105.406,215.1318580000004
114,Eferatana Gidem,175.5764,289.11310000000003,181.4592,165.04035200000007
115,Ensaro,222.6314,169.937,239.1245,182.95954100000006
116,Gishe Rabel,244.9127,267.8164,257.2697,267.671444
117,Hagere Mariam,309.95930000000004,350.80440000000004,337.3281,296.81164700000033
118,Kewet,335.4365,425.0315,281.5652,240.699508
119,Menz Gera Midir,520.8781,572.1783,511.52720000000005,492.0763659999998
120,Menz Keya Gabriel,160.7801,160.83190000000002,259.255,218.7929020000001
121,Menz Lalo Midir,174.3665,184.8543,215.0714,175.39697099999992
122,Menz Mama Midir,306.8288,395.3269,364.15680000000003,294.6037919999997
123,Merahbete,370.58340000000004,284.462,502.9284,390.12649999999957
124,Mimo Weremo,411.7081,379.85200000000003,499.8763,373.3446579999996
125,Minjar Shenkora,963.9039,619.4972,855.2308,659.4300540000008
126,Mojan Wedera,292.78770000000003,412.38190000000003,389.7162,289.52679800000016
127,Moretna Jiru,303.0328,266.5521,398.4988,305.4449190000004
128,Siya Debirna Wayu,347.2274,362.58160000000004,400.32210000000003,278.3195439999999
129,Tarema Ber,225.22990000000001,377.3706,200.17340000000002,189.21118400000003
130,Artuma Fursi,174.7594,170.7097,116.94000000000001,177.3859590000003
131,Bati,254.36350000000002,179.2752,101.0382,234.82207500000052
132,Dewa Cheffa,199.7722,334.54650000000004,248.8572,194.8041979999998
133,Dewa Harewa,182.6648,115.0771,66.6031,117.4487440000003
134,Jille Timuga,207.1877,154.1733,145.3769,206.44884099999985
135,Addi Arekay,178.9454,125.52300000000001,223.33290000000002,377.337074
136,Alfa,669.6851,953.6468000000001,1023.8241,695.3081899999987
137,Beyeda,221.1211,193.3035,252.8461,325.4793570000006
138,Chilga,549.1929,573.7081000000001,917.3653,707.0652810000005
139,Dabat,396.2036,433.8109,560.0108,453.5288630000002
140,Debark,407.89680000000004,407.9195,520.1869,557.5058170000016
141,Dembia,836.7126000000001,1090.5698,1211.3295,731.3303300000022
142,East Belesa,766.5339,218.78480000000002,703.7663,742.2685470000009
143,Gonder Zuria,900.5393,1005.0288,1107.9909,753.7925309999991
144,Janamora,548.5589,345.3553,520.9035,650.9918120000021
145,Lay Armacho,219.5071,482.5996,490.2169,315.3156569999993
146,Metema,771.9347,122.5797,172.2476,355.2136820000002
147,Mirab Armacho,1362.7248,164.74030000000002,391.72470000000004,278.97302799999903
148,Quara,1191.4404,41.6946,164.88330000000002,573.7510659999953
149,Tach Armacho,688.4187000000001,218.9977,539.0084,461.45977600000083
150,Takusa,457.8659,461.75030000000004,671.1906,557.5403110000001
151,Tsegede,771.1286,115.7809,292.05510000000004,326.84173500000026
152,Tselemt,127.1704,43.5002,98.822,185.5025179999998
153,Wegera,762.1849000000001,701.9496,928.1251000000001,839.6703000000015
154,West Belesa,731.7443000000001,548.3745,649.2525,544.9061750000005
155,Bugna,532.0854,98.4453,394.0006,494.72236300000066
156,Dawunt,272.06080000000003,156.2374,244.44930000000002,247.19317999999967
157,Delanta,300.3893,491.45500000000004,465.91790000000003,415.00783199999984
158,Gidan,233.2075,504.23810000000003,400.10450000000003,377.10614100000015
159,Guba Lafto,296.34590000000003,423.5047,335.7018,304.55943300000047
160,Habru,356.7912,479.8639,352.1569,347.0752409999998
161,Kobo,416.0973,354.0332,553.2697000000001,520.0677909999996
162,Lasta,403.89390000000003,217.02020000000002,440.4092,352.1604580000004
163,Meket,903.6467,729.9241000000001,945.9971,768.9214400000001
164,Wadla,423.48420000000004,613.8705,550.865,357.2909819999994
165,Abergele,226.4273,1.9006,156.14180000000002,220.96813800000015
166,Dehana,487.30150000000003,66.7428,517.9005000000001,585.8738760000014
167,Gaz Gibla,174.79590000000002,47.0035,257.52770000000004,289.4342340000002
168,Sahla,90.68950000000001,0.017400000000000002,45.336600000000004,98.52137199999996
169,Sekota,493.53650000000005,113.3669,662.6855,618.4164369999976
170,Ziquala,232.05110000000002,1.2308000000000001,199.3857,285.548242000001
171,Assosa,473.7916,57.812900000000006,274.2078,256.67385300000007
172,Bambasi,466.36310000000003,135.1115,372.4766,232.49599500000008
173,Bilidigilu,132.0201,5.0864,46.044900000000005,88.23299399999999
174,Homosha,127.9128,8.4639,57.1488,67.01237800000003
175,Kurmuk,114.4808,1.9559000000000002,14.4045,32.123855000000184
176,Maokomo Special,275.8498,39.8763,150.1284,77.31796100000031
177,Menge,90.05550000000001,3.2488,42.1948,55.675140000000084
178,Sherkole,96.19800000000001,0.2074,0.9715,15.95544700000002
179,Agalometi,176.43380000000002,1.4116,12.841700000000001,90.80917400000006
180,Bio Jiganifado,749.6718000000001,111.6939,474.1775,273.7382749999997
181,Kamashi,351.50710000000004,0.0182,35.15,110.98863900000043
182,Sirba Abay,80.9786,0.0089,12.296700000000001,33.98431900000004
183,Yaso,506.3901,1.8169000000000002,78.61630000000001,86.45610999999991
184,Bulen,672.2318,87.3283,315.8149,318.4332080000001
185,Dangura,1126.0516,71.5283,431.71090000000004,366.38287200000065
186,Dibat,919.0073000000001,151.5192,404.6207,383.4792519999992
187,Guba,343.3619,2.4532000000000003,32.3048,114.31119700000009
188,Mandura,547.8451,9.5717,174.0257,155.53162399999954
189,Pawe Special,300.2398,42.7492,309.1587,105.41456299999994
190,Wenbera,379.73150000000004,142.9316,192.72480000000002,251.02390300000357
191,Dire Dawa,36.958800000000004,96.4333,77.3692,185.49258499999974
192,Dire Dawa/Town,0.1822,6.2472,1.0411000000000001,7.986443000000004
193,Abobo,167.8239,34.3756,19.076700000000002,66.81962999999958
194,Dima,677.479,21.8947,13.430800000000001,77.20531200000079
195,Gambela Zuria,265.07480000000004,27.7161,8.0248,49.114478000000744
196,Gambella Wild Life Reserve,0.0,0.00030000000000000003,0.0009000000000000001,16.600229000000002
197,Gog,85.51830000000001,10.332500000000001,9.2393,39.42221500000002
198,Itang,132.3736,16.840400000000002,10.8237,48.466667000000186
199,Jore,2.8757,0.059300000000000005,0.0035,94.49219000000055
200,Godere,83.73020000000001,3.9865000000000004,3.1426000000000003,17.715048999999976
201,Mengesh,54.2787,5.0791,1.0182,16.85878799999998
202,Akobo,5.3301,0.3037,0.0,28.744549999999908
203,Jikawo,15.0652,5.623200000000001,0.008400000000000001,19.246460999999957
204,Lare,25.865000000000002,2.3688000000000002,0.0325,28.424176999999986
205,Wantawo,26.104000000000003,12.0914,0.0006000000000000001,29.654129000000015
206,Harar,48.2451,74.7659,200.9057,131.10279000000003
207,Amigna,410.1073,343.8202,407.377,420.38865000000084
208,Aseko,198.5,264.2985,141.0344,211.6154020000001
209,Bele Gesgar,338.28360000000004,356.70250000000004,352.9939,254.27228199999962
210,Chole,246.507,257.632,211.2588,196.8825170000001
211,Degeluna Tijo,750.5755,704.3194000000001,736.0733,506.997784
212,Diksis,244.18300000000002,370.5478,340.0683,190.79336300000017
213,Dodota,231.31150000000002,169.0815,288.0165,205.6696559999998
214,Gololcha Arsi,625.831,233.29160000000002,403.54970000000003,559.738129
215,Guna,318.99670000000003,347.8713,245.264,177.59800100000015
216,Hitosa,477.8136,468.2418,491.21200000000005,345.79010399999976
217,Inkolo Wabe,210.03230000000002,225.4225,211.489,154.6270190000001
218,Jeju,422.47200000000004,600.9341000000001,555.9477,334.57308999999964
219,Limu Bilbilo,912.0070000000001,1005.9202,948.1181,656.628280999999
220,Lude Hitosa,340.7536,425.8706,419.95250000000004,261.9189809999996
221,Merti,306.3627,377.7273,415.69,342.1358390000006
222,Munessa,858.4481000000001,846.7657,793.9559,499.3832399999998
223,Robe,725.7946000000001,636.8891,693.2912,541.0131410000009
224,Seru,126.9076,117.9497,148.1382,239.4534369999994
225,Shirka,511.2617,505.6277,439.2397,370.332197
226,Sire,295.7123,334.093,371.254,255.58099300000006
227,Sude,569.0965,651.3565,701.0612,499.6992900000004
228,Tena,266.9306,261.56690000000003,217.0396,168.89987299999996
229,Tiyo,466.39360000000005,493.9254,495.09770000000003,336.38251300000036
230,Ziway Dugda,597.7545,571.6134000000001,770.8775,508.0879539999989
231,Agarfa,526.9490000000001,487.99120000000005,512.7143,441.47578200000146
232,Berbere,189.7093,220.09040000000002,305.56080000000003,247.07325599999942
233,Dawe Kachen,23.110400000000002,71.6409,117.7591,161.52835100000047
234,Dinsho,223.4323,251.13320000000002,188.6458,216.81724200000033
235,Gasera,668.6174000000001,670.0719,706.1925,485.0031090000004
236,Ginir,782.4227000000001,1007.7598,1134.9586000000002,746.1771079999997
237,Goba,297.5556,282.9902,288.4397,351.29949499999907
238,Gololcha Bale,380.4809,535.2494,502.32160000000005,489.3918469999989
239,Goro,452.27680000000004,602.3570000000001,561.2604,378.35239899999954
240,Gura Damole,151.60590000000002,141.7311,125.3014,297.7653279999993
241,Harena Buluk,288.3158,149.74620000000002,150.3399,262.2797210000001
242,Lege Hida,170.3563,424.6728,102.9715,365.18550100000243
243,Meda Welabu,815.3839,228.0814,503.4877,814.3714530000085
244,Mena,641.3562000000001,262.765,398.13820000000004,323.8901099999999
245,Rayitu,0.6329,18.5686,75.14620000000001,200.93649500000032
246,Seweyna,84.01350000000001,379.47700000000003,226.5988,398.7732599999975
247,Sinana,865.2328,919.3786,945.6931000000001,610.340675000002
248,Abaya,324.8636,140.2849,114.85730000000001,214.42319500000013
249,Arero,8.0942,3.3397,23.4752,470.6232249999966
250,Bule Hora,134.3843,358.4144,189.8136,320.6731239999995
251,Dehas,0.0,0.6116,10.2977,418.1425510000002
252,Dillo,0.0,6.7365,1.058,252.95353600000013
253,Dire,0.0,78.62960000000001,58.9403,561.800838000005
254,Dugda Dawa,312.6123,61.1906,134.7356,471.8137379999994
255,Gelana,245.709,121.86070000000001,128.2765,245.45524100000003
256,Melka Soda,199.7564,0.0448,77.5232,370.8966299999999
257,Miyo,0.151,0.2787,16.2253,273.42969500000027
258,Moyale,0.0364,1.9425000000000001,6.8546000000000005,489.0640899999981
259,Teltele,113.86800000000001,305.8164,107.35560000000001,685.0002790000001
260,Yabelo,318.2858,118.8037,219.3812,764.9707309999948
261,Alem Gena,713.9829000000001,726.2900000000001,783.5185,524.8658880000004
262,Ameya,736.9765,785.7184000000001,795.5301000000001,462.1816419999999
263,Becho,377.4703,365.26250000000005,386.9764,267.51125599999955
264,Dawo,308.1138,277.8266,306.4174,208.3226130000001
265,Goro,399.4032,241.98450000000003,394.00960000000003,266.3677020000002
266,Ilu,345.2464,318.8482,357.6866,228.8713850000002
267,Kersana Malima,289.81780000000003,306.4588,319.4734,216.45300399999965
268,Kondaltiti,223.44,324.7157,267.02770000000004,166.72605499999963
269,Seden Sodo,315.6223,387.48720000000003,343.96090000000004,217.02566999999985
270,Sodo Daci,209.2912,275.2333,263.6754,156.2519499999998
271,Tole,301.76820000000004,380.7584,392.574,262.75719800000024
272,Waliso,421.02930000000003,434.27070000000003,360.64520000000005,261.25887699999976
273,Wenchi,318.90790000000004,341.90790000000004,289.1517,200.68244599999986
274,Adola,673.1849000000001,266.4739,377.4946,294.7201380000003
275,Afele Kola,341.75550000000004,157.97150000000002,6.0791,122.46045800000017
276,Ana Sora,431.8401,143.3967,160.2756,191.29789699999955
277,Bore,428.1959,276.7465,53.6376,174.5626379999998
278,Girja (Harenfema),231.91760000000002,42.6176,100.7891,125.77732900000018
279,Goro Dola,139.3249,12.432300000000001,328.40070000000003,404.32201099999946
280,Hambela Wamena,272.9717,5.8006,8.8003,104.28620900000001
281,Kercha,176.3478,13.699900000000001,9.6326,123.07139300000009
282,Liben,188.94330000000002,187.3452,552.2531,493.2493020000025
283,Odo Shakiso,416.9968,77.0635,170.2673,236.1585500000003
284,Saba Boru,124.5831,34.835100000000004,170.0645,376.890154000001
285,Uraga,444.0941,33.4347,28.441000000000003,182.8402239999999
286,Wadera,292.608,87.5751,201.1594,199.26914899999974
287,Ababo,271.4713,277.4121,380.824,250.40341200000017
288,Abay Chomen,237.7707,321.2865,323.1698,190.57275099999976
289,Abe Dongoro,561.4735000000001,189.54770000000002,483.1703,297.66272499999957
290,Amuru,535.2581,264.8154,454.23560000000003,370.41275900000045
291,Guduru,697.3728,672.3526,740.5804,513.8141050000014
292,Horo,413.00300000000004,440.6764,409.127,247.37824099999983
293,Jarte Jardega,542.9621000000001,462.4234,510.863,348.1367380000001
294,Jimma Genete,304.60880000000003,327.4021,303.367,168.27421800000036
295,Jimma Rare,198.16670000000002,209.6859,205.5088,111.76113199999978
296,Ale,128.3349,34.5285,24.6001,20.867483000000004
297,Alge Sachi,403.3858,113.90310000000001,180.39700000000002,115.2938870000002
298,Badele Zuria,535.0011000000001,246.4077,304.6735,205.2186340000002
299,Becho,136.50310000000002,37.5724,26.5254,23.173360000000024
300,Bilo Nopha,76.4503,7.4279,28.7394,17.358788000000004
301,Borecha,461.73240000000004,303.7588,315.48650000000004,203.2160710000001
302,Bure,140.9806,92.04910000000001,151.429,63.04675600000003
303,Chora,440.9343,192.0943,192.4138,145.40762200000046
304,Chwaka,276.7941,21.491400000000002,212.4627,93.4325849999999
305,Dabo Hana,476.38390000000004,166.82840000000002,316.7943,139.1206629999999
306,Darimu,342.53720000000004,84.7338,409.6145,131.77111699999963
307,Dedesa,258.8968,138.70430000000002,129.9471,95.68398800000016
308,Dega,316.009,212.2329,230.4028,122.1236480000001
309,Didu,218.12980000000002,49.356,16.4591,29.32363799999994
310,Dorani,85.5173,28.878,37.7158,21.196582999999993
311,Gechi,455.2022,301.2643,167.8736,162.56061599999995
312,Halu,51.8981,5.2868,23.444200000000002,17.090205
313,Hurumu,203.7493,58.1135,70.7311,45.58020499999998
314,Meko,213.15140000000002,59.4153,111.12400000000001,70.655078
315,Metu Zuria,164.526,38.300200000000004,79.4487,38.69766599999986
316,Sale Nono,74.9829,29.748,12.6403,21.221708999999986
317,Yayu,135.82760000000002,40.445100000000004,46.9945,34.732008000000015
318,Chora,660.7873000000001,477.24060000000003,486.7868,367.9852540000003
319,Dedo,733.9486,642.9406,162.2571,323.8136819999994
320,Gera,476.06480000000005,251.08960000000002,65.8843,147.00044300000062
321,Goma,265.46770000000004,137.9094,97.3467,88.62540000000003
322,Gumay,290.9991,205.1806,98.4488,99.33690199999997
323,Kersa,634.413,629.8845,295.1615,312.96771799999965
324,Limu Kosa,549.0501,365.50030000000004,232.56580000000002,207.12193999999997
325,Limu Seka,1265.9182,880.2204,902.6468000000001,580.1094059999986
326,Mena,208.24540000000002,161.3253,79.8245,82.18398299999997
327,Omo Nada,976.4134,875.3883000000001,506.6227,521.1224940000028
328,Seka Chekorsa,277.2774,249.32670000000002,63.302400000000006,110.81322100000021
329,Sekoru,402.65160000000003,453.3517,382.4846,250.08204100000054
330,Setema,757.1233000000001,443.9229,165.4485,264.43832400000036
331,Shebe Sambo,520.428,335.3046,129.43280000000001,200.88367600000012
332,Sigmo,465.1772,200.2451,42.2969,133.18623999999994
333,Tiro Afeta,547.5658000000001,686.6034000000001,347.28860000000003,322.52124999999984
334,Anfilo,102.1213,38.4607,48.7153,35.84411299999995
335,Dale Sadi,180.4468,118.4401,280.8892,95.18462500000014
336,Dale Wabera,227.73250000000002,158.7758,354.69910000000004,122.72450300000001
337,Gawo Kebe,552.0883,233.4239,584.4573,272.57245699999993
338,Gidami,129.1045,77.2818,98.4888,45.54714199999988
339,Hawa Galan,190.3389,169.35320000000002,330.56600000000003,94.74119599999985
340,Jimma Horo,192.0345,170.1708,179.96550000000002,92.77078400000005
341,Lalo Kile,122.8469,72.74900000000001,188.38580000000002,69.21660099999998
342,Sayo,170.9906,170.4122,197.0977,87.45786999999989
343,Yama Logi Welel,170.8124,136.2589,255.9161,97.32130599999992
344,Adaba,663.0509000000001,683.8704,738.594,759.3273779999985
345,Arsi Negele,772.6687000000001,788.5207,898.1388000000001,594.6967429999991
346,Dodola,892.0360000000001,647.5253,627.3769,592.407216
347,Gedeb Asasa,959.9323,948.2363,972.9326000000001,637.983069
348,Kofele,589.553,520.3368,280.0808,233.89222099999992
349,Kokosa,539.4943000000001,82.6076,21.3331,199.36041600000001
350,Kore,484.8195,469.1931,348.0711,203.81244000000015
351,Nenesebo,319.2493,10.132900000000001,18.787300000000002,242.23124700000065
352,Shalla,475.6087,475.2003,639.243,348.41051299999924
353,Shashemene Zuria,600.1592,542.6391,589.5433,337.5235190000002
354,Siraro,485.47060000000005,495.04940000000005,500.95640000000003,295.59129000000024
355,Anchar,245.6176,194.83100000000002,154.35330000000002,426.4180379999999
356,Boke,476.7327,385.32980000000003,484.0099,871.7251419999965
357,Chiro Zuria,233.6218,354.68190000000004,303.22790000000003,355.35436499999986
358,Daro Lebu,562.2122,415.2404,557.3484000000001,595.1651849999985
359,Doba,169.3026,379.19030000000004,294.7769,341.8255560000004
360,Gemechis,137.0808,121.286,238.37820000000002,427.7857779999999
361,Goba Koricha,223.54940000000002,262.2684,208.9007,351.52014499999956
362,Habro,344.8904,221.1664,266.3045,324.12317200000047
363,Hawi Gudina,260.2285,139.6873,161.4305,468.5295370000006
364,Kuni,252.7204,231.3625,295.4836,518.4087859999992
365,Mesela,137.04160000000002,109.468,168.5798,330.62450399999994
366,Mieso,431.0047,276.64320000000004,473.5076,915.8655020000065
367,Tulo,137.87810000000002,160.6741,184.0138,211.6226969999998
368,Abuna G/Beret,488.4083,384.4287,430.569,393.027539
369,Adda Berga,714.8664,670.4961000000001,594.7962,436.34933300000057
370,Ambo Zuria,691.1106,711.9337,661.7442,484.1442070000006
371,Bako Tibe,542.0513,492.93050000000005,546.4011,269.8533929999999
372,Cheliya,850.3834,831.3049000000001,817.1539,493.22310099999936
373,Dano,467.4298,494.2319,426.721,245.16739200000066
374,Dendi,941.2149000000001,1036.6378,951.4240000000001,581.2164960000001
375,Ejere,508.7645,531.0734,480.2051,287.44068799999997
376,Ginde Beret,679.1667,512.8974000000001,600.7464,454.6455510000011
377,Ifata,248.4247,269.72,232.9272,159.22402399999987
378,Jeldu,803.1753,849.3087,698.3881,515.4390429999976
379,Jibat,304.8994,316.2489,187.4914,146.85955399999997
380,Meta Robi,613.6682000000001,669.3328,522.7178,410.279834
381,Mida Kegn,376.07710000000003,315.6182,337.14390000000003,285.2436109999999
382,Nono,535.3304,570.1749,598.7288,316.6674529999999
383,Tikur Enchini,375.26500000000004,397.3007,228.93370000000002,211.88186699999991
384,Toke Kutaye,363.9334,428.6317,359.89660000000003,227.6849539999997
385,Walmara,570.5203,602.2256,573.4571000000001,353.7771989999998
386,Ayira,222.8386,69.897,214.93560000000002,98.830415
387,Babo,406.8193,136.59550000000002,383.6401,202.6926189999998
388,Begi,412.7353,367.57120000000003,431.40040000000005,181.3743599999998
389,Boji Chekorsa,209.11280000000002,30.201600000000003,133.955,102.60052500000016
390,Boji Dirmeji,214.83620000000002,44.3078,108.96220000000001,146.26350200000005
391,Gaji,103.3032,23.1537,66.1001,49.75698599999997
392,Gimbi,421.0122,43.2747,184.2185,145.8268219999998
393,Gudetu Kondole,381.4184,218.6818,389.66650000000004,176.86927299999974
394,Guliso,179.2303,18.7487,147.9188,72.90302899999999
395,Haru,221.64960000000002,41.5908,118.35780000000001,78.23236000000003
396,Homa,45.6788,19.3392,29.325300000000002,16.162150000000004
397,Jarso,289.5562,162.845,223.9931,158.95078999999987
398,Kiltu Kara,230.20610000000002,38.0645,119.1926,143.03898400000006
399,Lalo Asabi,172.94910000000002,47.5583,97.47030000000001,74.31566600000004
400,Mana Sibu,815.7525,214.364,482.9438,469.1401789999989
401,Nejo,601.6117,312.4952,387.7269,366.5156249999989
402,Nole Kaba,324.9896,53.101200000000006,198.8064,109.6961159999999
403,Sayo Nole,256.789,37.83,109.9148,83.16838399999997
404,Yubdo,137.725,62.797700000000006,120.55980000000001,77.31362199999998
405,Babile,301.0546,163.6334,314.8586,593.807838999999
406,Bedeno,177.40720000000002,101.8922,232.1963,330.503572
407,Chinaksen,336.9119,286.39730000000003,599.8340000000001,522.2462460000006
408,Deder,189.85490000000001,234.8428,257.10720000000003,275.99107399999946
409,Fedis,439.87100000000004,446.0432,572.2234000000001,429.0534990000008
410,Girawa,139.3959,115.82730000000001,294.4956,413.66385999999983
411,Golo Oda,192.3896,175.58270000000002,246.7765,447.76994300000064
412,Goro Gutu,39.9866,196.22320000000002,80.9075,205.9096929999999
413,Gursum,102.26620000000001,213.2603,371.3662,317.65269199999966
414,Haro Maya,219.167,257.04900000000004,361.1458,269.8812080000002
415,Jarso,79.2877,121.44940000000001,138.0452,172.2663470000001
416,Kersa,177.2749,228.57520000000002,269.31080000000003,220.95199500000027
417,Kombolcha,80.96650000000001,77.7021,119.62660000000001,148.52930199999994
418,Kurfa Chele,100.96390000000001,47.4453,108.1995,99.41657299999991
419,Malka Balo,168.4846,83.049,229.1446,480.2762049999997
420,Meta,197.51350000000002,212.5541,258.89480000000003,316.56225099999966
421,Meyu,45.673500000000004,28.607400000000002,39.709700000000005,170.60647000000057
422,Midega Tola,101.23060000000001,19.4097,68.6314,145.45489300000017
423,Ada'a,631.0758000000001,662.8443,737.9787,530.093837
424,Adama,543.2651000000001,498.65200000000004,619.3739,391.9679709999994
425,Adami Tulu Jido Kombolcha,704.6991,534.0757,856.301,504.5925180000012
426,Akaki,538.9239,554.2834,591.3562000000001,414.7050299999997
427,Bora,242.281,275.2197,295.9581,158.39648000000017
428,Boset,476.8763,445.1608,538.1428000000001,415.8624990000011
429,Dugda,772.62,773.4372000000001,889.7584,520.7579730000014
430,Fentale,159.7209,539.9335,98.0228,86.97031599999997
431,Gimbichu,479.2812,548.3251,536.2647000000001,415.6311420000001
432,Liben Chukala,504.7248,406.9848,580.5837,339.56613900000013
433,Lome,408.47290000000004,443.93190000000004,517.5404,325.93549200000007
434,Bila Seyo,478.03090000000003,267.69460000000004,437.4227,236.1627879999998
435,Boneya Boshe,362.43600000000004,356.65950000000004,338.08050000000003,190.85033699999968
436,Diga,523.5632,194.833,343.0679,216.93389499999984
437,Gida Ayana,1064.1831,398.9888,819.7764000000001,570.2443280000016
438,Gobu Seyo,315.329,315.2534,305.20980000000003,172.85827599999993
439,Guto Gida,630.8331000000001,331.7683,514.3476,313.36961199999956
440,Haro Limu,623.8959,65.3124,226.65380000000002,188.47900399999975
441,Ibantu,492.7336,60.2541,206.5651,194.139058
442,Jimma Arjo,488.40590000000003,360.404,406.3623,193.67410699999994
443,Kiremu,637.8303000000001,337.4196,496.8858,362.0093950000001
444,Leka Dulecha,419.43530000000004,243.90040000000002,333.8301,163.97561199999987
445,Limu,683.7901,131.77450000000002,405.4993,264.39343800000023
446,Nunu Kumba,439.1263,359.8663,376.4352,209.61341399999972
447,Sasiga,564.3668,90.4979,341.9864,246.38775299999966
448,Sibu Sire,680.4894,498.9307,606.924,322.2604069999994
449,Wama Hagalo,447.1315,332.7873,347.52180000000004,187.33579499999988
450,Wayu Tuka,349.4302,269.27570000000003,299.2842,162.22099400000008
451,Abichuna Gne'a,610.3073,725.5581000000001,761.6755,474.61877199999935
452,Aleltu,291.7649,380.00390000000004,362.6929,234.42607400000003
453,Bereh,555.4891,673.3392,693.3697000000001,477.32783000000046
454,Debre Libanos,164.8391,166.4778,174.3032,121.90108600000013
455,Degem,449.49260000000004,441.7397,465.0428,308.48229299999974
456,Dera,744.6639,589.9483,794.0525,638.2306319999993
457,Gerar Jarso,307.6786,297.0396,317.5439,222.75144000000006
458,Hidabu Abote,337.29740000000004,248.11030000000002,331.3885,229.29560400000034
459,Jida,272.5063,283.3516,305.7549,189.20764099999997
460,Kembibit,393.7172,531.4252,518.9957,322.6841860000002
461,Kuyu,614.9834000000001,541.6975,595.1362,480.5721549999997
462,Mulo,466.53110000000004,435.93210000000005,391.69530000000003,258.8828489999997
463,Sululta,786.5411,764.0975000000001,739.273,518.8994460000006
464,Wara Jarso,496.103,526.5559000000001,606.7881,495.56595900000036
465,Wuchale,597.3557000000001,600.4937,614.8516000000001,416.5173750000007
466,Yaya Gulele,299.8795,301.0113,318.7647,219.83120900000014
467,Afder,0.3628,1.4315,2.6732,105.29553999999906
468,Bare,0.9237000000000001,36.2618,70.4494,260.83013400000186
469,Chereti/Weyib,1.0892,21.8198,26.002100000000002,88.5101639999998
470,Dolobay,0.7521,75.3394,65.4199,158.63632200000004
471,Goro Baqaqsa,0.1107,0.0,0.45270000000000005,25.63245899999996
472,Guradamole,0.0103,0.0017000000000000001,6.7454,51.90996800000013
473,Hargele,0.0,0.0,0.0723,21.25848299999999
474,Serer/Elkere,0.4601,1.5471000000000001,6.3788,184.27929599999925
475,West Imi,1.4569,49.1051,21.078300000000002,40.89459799999983
476,Boh,0.0,0.0,0.058300000000000005,12.076879000000012
477,Danot,0.0002,0.0018000000000000002,0.15510000000000002,21.60494299999984
478,Geladin,0.0,0.5468000000000001,0.1595,5.242420999999967
479,Warder,0.0,0.0,0.3577,52.147335000000176
480,Aw-bare,270.58050000000003,313.8097,652.2826,712.8416170000002
481,Babile,28.1307,16.9287,22.73,53.43718300000005
482,Gursum,29.0816,69.1795,74.2908,99.69393499999988
483,Hareshen,0.0,61.1019,52.009,34.88490800000005
484,Jijiga,896.9642,504.1267,1031.1337,764.5933040000016
485,Kebribeyah,161.65540000000001,513.1665,599.8585,588.9176609999945
486,Aware,0.0,0.7483000000000001,4.361400000000001,25.687017000000196
487,Degehabur,0.1041,31.0572,63.075,243.46900900000088
488,Degehamedo,0.06330000000000001,3.9389000000000003,10.325000000000001,37.33865299999965
489,Gashamo,0.0,1.6414,4.0937,65.56885100000022
490,Gunagado,0.0,0.0002,0.0466,12.458885999999998
491,Debeweyin,0.22920000000000001,1.4679,0.4368,78.70245100000015
492,Kebridehar,0.0512,2.3567,2.1853000000000002,158.81240000000128
493,Shekosh,0.042800000000000005,0.3038,2.3874,101.13306499999993
494,Shilabo,0.0,0.0655,0.07300000000000001,5.360556999999951
495,Dolo Odo,0.5907,34.8571,30.401100000000003,96.69104999999993
496,Filtu,0.9883000000000001,0.45730000000000004,7.3356,227.2561660000029
497,Hudet,16.511400000000002,5.3912,9.643600000000001,149.89062100000018
498,Moyale,0.0213,0.6084,5.2709,387.6125049999972
499,Dihun,0.0,0.08460000000000001,0.40180000000000005,13.825697000000009
500,Fik,0.0007,1.7027,0.7781,28.31225900000009
501,Gerbo,0.0,0.18810000000000002,0.0722,3.4266579999999967
502,Hamero,0.0,0.0046,0.2199,8.575862000000056
503,Lagahida,0.0,0.0,0.0961,8.002223000000006
504,Meyumuluka,0.2237,0.0,2.1457,37.35004800000007
505,Segeg,0.0,0.6333000000000001,0.7837000000000001,12.233108000000028
506,Selahad,0.0,0.0,0.12940000000000002,4.343948000000006
507,Adadle,0.2582,18.2836,18.376,57.75102899999982
508,Denan,0.0,0.2253,4.2392,62.41946500000031
509,East Imi,3.2720000000000002,53.5499,40.697900000000004,84.51284999999957
510,Ferfer,0.0,0.0,0.0964,3.08989000000001
511,Gode,1.8326,51.164300000000004,16.6311,129.12999500000006
512,Kelafo,11.722000000000001,211.98780000000002,83.8994,165.16640399999966
513,Mustahil,3.7387,142.5388,109.583,97.60221800000018
514,Afdem,4.942,74.0905,209.0773,49.701117999999944
515,Ayisha,0.0,3.5907,87.9341,6.752573999999873
516,Dembel,7.1951,128.7345,27.2006,46.11902099999998
517,Erer,21.82,54.6051,129.5805,101.44000399999982
518,Miesso,23.0902,13.2948,36.319,120.84306400000014
519,Shinile,2.0066,144.7954,350.23560000000003,53.04118300000074
520,Alaba,648.1589,512.7134,729.8177000000001,424.78149099999945
521,Alle,435.2106,223.5952,35.3131,153.47832799999972
522,Amaro,394.4426,208.8126,134.0081,290.18787099999884
523,Basketo,259.4377,75.9441,4.5654,79.2644169999999
524,Bero,246.27200000000002,2.6874000000000002,0.0417,11.357823000000012
525,Debub Bench,348.298,17.207,3.3553,51.010611000000026
526,Gurafereda,449.2937,20.107200000000002,12.7841,57.404749999999865
527,Maji,907.3557000000001,176.51260000000002,12.1731,175.36138300000084
528,Menit Goldiye,929.0884000000001,217.6952,43.5112,212.25696599999966
529,Menit Shasha,1217.8808000000001,101.9483,22.416700000000002,173.3489819999995
530,Semen Bench,223.98950000000002,45.025800000000004,4.2311000000000005,36.752701000000066
531,Shay Bench,429.84630000000004,231.0309,24.8378,111.06173699999985
532,Sheka,106.3713,4.6436,2.2593,14.758698000000027
533,Surma,749.5659,2.3600000000000003,1.1087,94.96973100000068
534,Burji,359.83910000000003,313.8721,204.7964,232.7236009999998
535,Esira,193.2332,103.48830000000001,1.4057000000000002,65.98632599999965
536,Gena Bosa,218.94400000000002,412.1816,109.41760000000001,204.6513969999999
537,Loma Bosa,365.75730000000004,331.9151,37.269400000000005,186.1393890000004
538,Mareka,179.35160000000002,268.9986,19.0108,94.35993800000008
539,Tocha,265.9959,232.6174,17.643700000000003,108.8712540000001
540,Bako Gazer,893.0497,377.72090000000003,13.362,292.05753299999947
541,Bena Tsemay,964.9094,317.20570000000004,15.3327,279.7532789999996
542,Dasenech (Kuraz),2.2943000000000002,205.9482,29.6006,92.27357600000003
543,Gelila,160.9308,14.1676,0.3124,51.74581899999998
544,Gnangatom,271.3682,327.06980000000004,6.641100000000001,51.252472
545,Hamer,508.5382,166.34470000000002,3.8150000000000004,156.19843300000034
546,Male,693.1757,115.72980000000001,15.153400000000001,217.9726810000002
547,Selamgo,945.2611,207.3855,8.8262,142.78496099999882
548,Derashe,317.3208,356.21950000000004,115.519,157.79599200000035
549,Arba Minch Zuria,148.4185,386.3147,96.8168,262.4833930000005
550,Ayida,71.658,97.8035,3.8087,50.168202000000036
551,Bonke,328.3883,263.90360000000004,33.2637,227.47895800000006
552,Boreda,160.79250000000002,226.8582,107.09110000000001,152.23034499999994
553,Chencha,196.00670000000002,171.46370000000002,42.470200000000006,121.74919800000012
554,Daramalo,77.8754,102.6924,42.03,96.61451500000001
555,Denibu Gofa,357.45250000000004,204.12990000000002,29.340400000000002,169.78554799999975
556,Dita,103.5869,111.1418,29.432100000000002,105.1308160000001
557,Geze Gofa,243.34230000000002,159.098,11.7786,84.66923799999995
558,Kemba,489.7889,249.50250000000003,84.68610000000001,288.1313549999988
559,Kucha,297.7534,549.446,141.8003,389.3952360000006
560,Melekoza,732.7049000000001,108.6952,4.4181,184.2722890000002
561,Mirab Abaya,76.71560000000001,226.098,65.7412,132.36946299999994
562,Ubadebretsehay,362.0769,106.42150000000001,18.309,170.30822799999996
563,Zala,141.4182,172.8205,68.2355,180.16236999999978
564,Bule,201.99960000000002,115.4119,4.5191,63.91990099999989
565,Dila Zuria,27.9139,0.45740000000000003,0.9065000000000001,8.958827000000003
566,Kochere,65.48700000000001,3.0246,1.0099,29.583874000000048
567,Kochere Gedeb,147.2314,16.4084,6.3402,78.27253899999998
568,Wenago,27.2038,6.445600000000001,2.2392000000000003,10.765359999999992
569,Yirgachefe,187.9927,9.418000000000001,1.7426000000000001,38.31532300000005
570,Abeshege,230.7399,269.9414,336.6064,179.80144999999996
571,Cheha,167.74790000000002,133.4759,165.2483,182.9557330000002
572,Endiguagn,41.8082,78.27770000000001,34.5967,48.840138
573,Enemorina Eaner,90.525,86.0048,103.1682,217.2607069999998
574,Ezha,239.84810000000002,211.7809,164.7373,146.26805399999995
575,Geta,110.1512,78.4482,41.590700000000005,64.38274
576,Gumer,141.9882,99.1836,85.7963,73.56336099999999
577,Kebena,178.02870000000001,109.93130000000001,168.31640000000002,140.06072799999998
578,Kokir Gedbano,349.2475,380.41110000000003,269.1424,194.8671420000002
579,Mareko,276.7333,243.0659,305.4937,197.66652400000004
580,Meskan,385.57460000000003,327.0469,382.78430000000003,234.87470899999985
581,Muhur Na Aklil,205.7829,176.5341,122.1371,117.1480969999999
582,Sodo,531.3602000000001,562.1194,598.1135,396.2853970000013
583,Analemmo,167.1876,157.8874,156.1061,91.84207300000004
584,Dune,81.12650000000001,128.7046,58.524800000000006,65.35836599999995
585,Gembora,285.16110000000003,269.092,240.4471,171.83795900000007
586,Gibe,170.3363,207.39170000000001,120.7253,134.60634499999995
587,Limu,278.7243,235.76350000000002,237.9747,163.27345799999964
588,Mierab Badawacho,132.2278,126.07560000000001,67.17020000000001,67.03278600000003
589,Misha,163.4452,251.98010000000002,161.0616,157.1869110000001
590,Misrak Badawacho,244.68630000000002,235.5445,228.7671,135.4080030000001
591,Shashogo,251.5354,229.49040000000002,260.02160000000003,147.916761
592,Soro,382.9911,412.9017,332.6041,245.36035199999947
593,Bita,573.3493,88.51190000000001,14.137300000000002,107.634279
594,Chena,662.883,446.14320000000004,52.9795,162.1406310000002
595,Cheta,241.8074,29.802400000000002,1.8298,28.32145899999994
596,Decha,1204.6355,157.23760000000001,19.206400000000002,190.52459499999935
597,Gesha (Deka),439.3277,54.821400000000004,9.1636,66.9346249999999
598,Getawa,526.5891,158.7679,17.6443,103.24777000000026
599,Gimbo,394.8487,208.5368,82.16980000000001,94.46811499999988
600,Menjiwo,557.5224000000001,351.9997,60.153000000000006,190.56373700000017
601,Sayilem,309.3861,27.3523,4.2885,52.54689799999993
602,Tulo,318.54150000000004,141.87210000000002,3.6668000000000003,74.90272399999999
603,Anigacha,116.7243,95.7723,79.8062,59.073806
604,Daniboya,136.383,132.4982,103.3296,75.90106400000002
605,Doya Gena,67.69890000000001,51.918200000000006,45.1972,38.79591500000002
606,Hadero Tubito,52.2533,122.0229,45.9391,59.23308599999999
607,Kacha Bira,131.5577,130.98760000000001,56.2956,78.18838799999997
608,Kediada Gambela,125.54610000000001,97.2213,90.98910000000001,75.43700399999999
609,Tembaro,75.0844,145.5872,83.35390000000001,74.36742000000004
610,Konso,901.7298000000001,730.0274000000001,192.8522,337.1135070000004
611,Konta,584.4238,226.84920000000002,14.9062,186.3915450000007
612,Anderacha,120.18870000000001,0.387,0.8275,21.687426999999996
613,Masha,215.68050000000002,53.567,9.1437,35.06518999999998
614,Yeki,189.01690000000002,52.976,17.4935,40.73173100000003
615,Aleta Wendo,94.14920000000001,9.8214,1.3195000000000001,36.07929199999999
616,Arbe Gonna,246.095,50.6693,0.6059,83.98169100000004
617,Aroresa,366.91020000000003,43.4016,93.0171,172.098079
618,Awasa,64.0107,41.8699,36.092800000000004,45.173697000000026
619,Awasa Zuria,235.4974,243.6545,204.06660000000002,128.1778169999999
620,Bensa,190.68720000000002,33.086800000000004,18.599500000000003,113.5113089999999
621,Bona Zuria,140.5902,94.94720000000001,25.935100000000002,65.34605800000001
622,Boricha,379.19620000000003,433.43120000000005,255.5054,197.01634100000012
623,Bursa,209.6296,105.16550000000001,3.8253000000000004,72.33253099999996
624,Chire,148.5617,1.8679000000000001,7.9118,92.21579800000008
625,Chuko,166.441,155.62050000000002,37.3037,81.29925700000003
626,Dale,80.875,43.0737,11.363900000000001,58.950666999999925
627,Dara,160.6833,45.9669,7.8592,53.89741399999997
628,Gorche,154.7039,35.5856,0.9023,53.074723
629,Hulla,240.01690000000002,137.8719,11.9213,94.38382700000001
630,Loka Abaya,275.5063,204.49380000000002,161.29430000000002,224.962687
631,Malga,128.32680000000002,50.772600000000004,1.4071,48.12394400000002
632,Shebe Dino,118.2997,79.0892,16.485,64.03447900000002
633,Wondo-Genet,94.7581,53.9037,22.5089,51.78808099999998
634,Wonosho,77.51010000000001,8.6563,0.2454,29.448585999999978
635,Alicho Woriro,173.06570000000002,170.50320000000002,133.0299,93.444548
636,Dalocha,285.4808,198.3676,303.0391,186.93833600000013
637,Lanfero,398.8816,280.3053,442.1772,264.3674839999999
638,Mierab Azenet Berbere,109.5605,81.718,68.2492,53.86925799999999
639,Misrak Azenet Berbere,101.57740000000001,81.8007,82.62610000000001,57.53306300000001
640,Sankura,245.4983,175.91160000000002,251.94240000000002,154.572322
641,Selti,306.3712,323.5389,348.8867,203.85639500000005
642,Wilbareg,293.6778,263.2094,343.72700000000003,195.151019
643,Boloso Bombe,116.03450000000001,167.99540000000002,72.72500000000001,79.33444200000008
644,Boloso sore,176.984,222.5882,89.197,115.30063600000001
645,Damot Gale,195.00900000000001,209.6739,130.96880000000002,103.75273399999999
646,Damot Pulasa,137.86690000000002,119.1371,77.8687,60.10947699999995
647,Damot Sore,105.7478,142.2047,59.210800000000006,69.91625799999997
648,Damot Weydie,173.38840000000002,264.8842,182.4301,135.62448100000026
649,Diguna Fango,159.2073,262.7409,189.5009,138.03673399999997
650,Humbo,242.1294,345.58910000000003,238.274,240.35433400000088
651,Kindo Dida,116.52640000000001,130.9376,11.2363,75.602305
652,Kindo Koysha,186.3572,263.0262,113.22200000000001,177.43474800000013
653,Ofa,170.3238,205.73690000000002,84.7536,129.31819100000004
654,Sodo Zuria,328.3476,348.2044,144.1833,186.17100700000003
655,Yem,276.7296,270.0563,191.8111,209.59883100000005
656,Alaje,234.62630000000001,162.4266,334.5195,280.2295750000004
657,Alamata,227.8778,233.3976,349.0365,261.8677410000006
658,Endamehoni,139.25830000000002,123.36720000000001,221.9961,220.9741210000001
659,Enderta,804.3101,194.99810000000002,774.2063,528.4013569999995
660,Hintalo Wejirat,620.8817,223.7115,696.7538000000001,522.3142509999996
661,Ofla,218.7868,287.5145,381.69120000000004,371.63310600000005
662,Raya Azebo,376.29540000000003,583.2710000000001,661.1922000000001,408.2947430000008
663,Saharti Samre,811.8918,105.2454,530.6843,430.78060600000055
664,Adwa,312.3149,94.2078,316.6576,232.49167599999956
665,Ahferom,435.2697,193.9599,448.66810000000004,417.6062700000006
666,Degua Temben,511.96770000000004,127.2395,437.4596,329.9923080000006
667,Kola Temben,456.4785,4.8897,228.0612,396.7377529999999
668,Laelay Maychew,304.6895,223.55020000000002,289.9397,216.0090919999999
669,Mereb Leke,527.6042,42.010400000000004,176.0628,353.0395090000001
670,Naeder Adet,272.4248,31.278000000000002,116.84570000000001,290.6273740000005
671,Tahtay Maychew,282.6001,204.3623,237.96890000000002,210.54918699999985
672,Tanqua Abergele,510.76370000000003,10.216000000000001,150.9023,290.9060299999998
673,Werei Leke,486.201,66.5062,371.3062,370.5719280000004
674,Kafta Humera,2718.6035,226.697,1384.5326,905.5048890000043
675,Tsegede,1130.0769,333.1739,388.8614,636.7438660000029
676,Welkait,1627.4253,461.7402,815.7189000000001,1028.9174339999943
677,Atsbi Wenberta,293.7604,149.48430000000002,347.63890000000004,262.49950900000044
678,Erob,1.0299,0.0451,18.0438,44.32802700000004
679,Ganta Afeshum,86.68610000000001,101.1331,201.48270000000002,110.76764200000017
680,Gulomekeda,89.2874,55.3295,191.7337,122.47507499999978
681,Hawzen,389.64860000000004,238.09490000000002,432.0274,229.61659100000062
682,Kelete Awelallo,489.7115,74.1211,527.5284,332.7881880000002
683,Saesie Tsaedaemba,186.9572,273.7712,352.964,184.0419219999998
684,Asgede Tsimbila,1129.4516,70.5014,210.17450000000002,756.2058259999983
685,Laelay Adiyabo,799.6272,81.18910000000001,224.149,607.030316999998
686,Medebay Zana,435.3503,239.4582,307.9672,380.5953859999994
687,Tahtay Adiyabo,1580.3947,17.7068,253.23780000000002,914.0165709999957
688,Tahtay Koraro,265.8311,190.40290000000002,273.94780000000003,270.8260290000005
689,Tselemti,613.1631,153.3863,357.72220000000004,809.0830580000013
